Name,Category,AMC,Current value,Return per annum,Expense ratio,Age,id,category_main,category_sub,return1month,return3month,return6month,crisil
Canara Robeco Small Cap Fund,"EQUITY, SMALL, CAP",12591 ,₹45585,35.45,0.44%,5+ yrs,5,EQUITY,SMALL,2.954166666666667,8.8625,17.725,
Motilal Oswal Midcap Fund,"EQUITY, MID, CAP",18604 ,₹42071,33.29,0.58%,10+ yrs,11,EQUITY,MID,-2.7741666666666664,8.3225,16.645,
Union Small Cap Fund,"EQUITY, SMALL, CAP",1663 ,₹37010,29.92,0.9%,10+ yrs,35,EQUITY,SMALL,2.4933333333333336,-7.48,14.96,
Franklin Build India Fund,"EQUITY, SECTORAL-INFRASTRUCTURE",2908 ,₹35914,29.14,0.91%,11+ yrs,48,EQUITY,SECTORAL-INFRASTRUCTURE,2.428333333333333,7.285,14.57,
LIC MF Infrastructure Fund,"EQUITY, SECTORAL-INFRASTRUCTURE",750 ,₹35350,28.73,1.38%,11+ yrs,56,EQUITY,SECTORAL-INFRASTRUCTURE,-2.3941666666666666,7.1825,14.365,
Axis Small Cap Fund,"EQUITY, SMALL, CAP",24766 ,₹35096,28.54,0.54%,10+ yrs,59,EQUITY,SMALL,2.3783333333333334,7.135,14.27,
Motilal Oswal Nifty Midcap 150 Index Fund,"EQUITY, MID, CAP, INDEX",1949 ,₹34884,28.39,0.3%,5+ yrs,60,EQUITY,MID,-2.365833333333333,7.0975,14.195,
Motilal Oswal Large and Midcap Fund,"EQUITY, LARGE, &, MIDCAP",6500 ,₹33530,27.38,0.51%,5+ yrs,68,EQUITY,LARGE,2.2816666666666667,6.845,13.69,
SBI Infrastructure Fund,"EQUITY, SECTORAL-INFRASTRUCTURE",5071 ,₹33394,27.27,0.95%,11+ yrs,71,EQUITY,SECTORAL-INFRASTRUCTURE,2.2725,6.8175,13.635,
Aditya Birla Sun Life Infrastructure Fund,"EQUITY, SECTORAL-INFRASTRUCTURE",1277 ,₹33166,27.1,1.32%,11+ yrs,72,EQUITY,SECTORAL-INFRASTRUCTURE,2.2583333333333333,6.775,13.55,
Mahindra Manulife Multi Cap Fund,"EQUITY, MULTI, CAP",4869 ,₹32906,26.9,0.41%,7+ yrs,73,EQUITY,MULTI,2.2416666666666667,-6.725,13.45,
UTI Dynamic Bond Fund,"['DEBT', 'DYNAMIC BOND']",₹424 Crs,7.63 Lakh,9.54,0.65%,11+yrs,425,DEBT,DYNAMIC BOND,0.7949999999999999,2.385,4.77,
Nippon India Credit Risk Fund,"['DEBT', 'CREDIT RISK']","₹1,020 Crs",7.41 Lakh,8.35,0.69%,11+yrs,428,DEBT,CREDIT RISK,-0.6958333333333333,-2.0875,4.175,
Sundaram Short Duration Fund,"['DEBT', 'SHORT DURATION']",₹194 Crs,7.32 Lakh,7.91,0.29%,11+yrs,433,DEBT,SHORT DURATION,0.6591666666666667,1.9775,3.955,
Sundaram Multi Cap Fund,"EQUITY, MULTI, CAP",2915 ,₹26873,21.86,0.86%,11+ yrs,167,EQUITY,MULTI,1.8216666666666663,5.465,10.93,
Bandhan Large Cap Fund,"EQUITY, LARGE, CAP",1745 ,₹23814,18.95,0.91%,11+ yrs,234,EQUITY,LARGE,1.5791666666666666,4.7375,9.475,
HSBC Infrastructure Fund,"EQUITY, SECTORAL-INFRASTRUCTURE",2790 ,₹32849,26.85,0.96%,11+ yrs,74,EQUITY,SECTORAL-INFRASTRUCTURE,2.2375000000000003,6.7125,13.425,
ICICI Prudential Thematic Advantage Fund (FOF),"EQUITY, EQUITY, FOF",1941 ,₹32030,26.21,0.44%,11+ yrs,82,EQUITY,EQUITY,2.1841666666666666,6.5525,13.105,
Bank of India Manufacturing & Infrastructure Fund,"EQUITY, SECTORAL-INFRASTRUCTURE",529 ,₹38508,30.95,0.81%,11+ yrs,25,EQUITY,SECTORAL-INFRASTRUCTURE,2.5791666666666666,7.7375,15.475,
Kotak Equity Opportunities Fund,"EQUITY, LARGE, &, MIDCAP",26175 ,₹28863,23.61,0.48%,11+ yrs,130,EQUITY,LARGE,1.9675,5.9025,11.805,
Sundaram Services Fund,"EQUITY, THEMATIC",4068 ,₹28759,23.52,0.68%,6+ yrs,131,EQUITY,THEMATIC,1.96,5.88,11.76,
ICICI Prudential Equity & Debt Fund,"HYBRID, AGGRESSIVE, HYBRID",41396 ,₹28336,23.16,0.98%,11+ yrs,135,HYBRID,AGGRESSIVE,-1.93,5.79,11.58,
HDFC Infrastructure Fund,"EQUITY, SECTORAL-INFRASTRUCTURE",2607 ,₹31354,25.68,1.1%,11+ yrs,94,EQUITY,SECTORAL-INFRASTRUCTURE,2.14,6.42,12.84,
SBI Magnum COMMA Fund,"EQUITY, THEMATIC",697 ,₹27408,22.34,1.89%,11+ yrs,153,EQUITY,THEMATIC,-1.8616666666666664,5.585,11.17,
ICICI Prudential Multi Asset Fund,"HYBRID, MULTI, ASSET, ALLOCATION",50496 ,₹27343,22.28,0.7%,11+ yrs,154,HYBRID,MULTI,1.856666666666667,5.57,11.14,
Canara Robeco Consumer Trends Fund,"EQUITY, THEMATIC-CONSUMPTION",1849 ,₹27286,22.23,0.8%,11+ yrs,156,EQUITY,THEMATIC-CONSUMPTION,-1.8525,5.5575,11.115,
Tata Equity PE Fund,"EQUITY, VALUE, ORIENTED",9173 ,₹27278,22.23,0.8%,11+ yrs,159,EQUITY,VALUE,1.8525,5.5575,11.115,
Franklin India Focused Equity Fund,"EQUITY, FOCUSED",13050 ,₹27181,22.14,0.94%,11+ yrs,164,EQUITY,FOCUSED,-1.845,5.535,11.07,
UTI Infrastructure Fund,"EQUITY, SECTORAL-INFRASTRUCTURE",2472 ,₹27077,22.05,1.81%,11+ yrs,165,EQUITY,SECTORAL-INFRASTRUCTURE,1.8375,5.5125,11.025,
Aditya Birla Sun Life Manufacturing Equity Fund,"EQUITY, THEMATIC",1255 ,₹25903,20.97,1.25%,9+ yrs,183,EQUITY,THEMATIC,1.7474999999999998,5.2425,10.485,
Bank of India Large & Mid Cap Equity Fund,"EQUITY, LARGE, &, MIDCAP",378 ,₹25893,20.96,1.17%,11+ yrs,184,EQUITY,LARGE,-1.7466666666666668,5.24,10.48,
DSP Nifty 50 Equal Weight Index Fund,"EQUITY, FACTOR",1907 ,₹25725,20.8,0.39%,7+ yrs,186,EQUITY,FACTOR,1.7333333333333334,5.2,10.4,
HDFC Retirement Savings Fund - Equity Plan,"EQUITY, RETIREMENT, SOLUTIONS",6168 ,₹31101,25.47,0.66%,8+ yrs,97,EQUITY,RETIREMENT,2.1225,6.3675,12.735,
SBI PSU Fund,"EQUITY, THEMATIC-PSU",4703 ,₹30978,25.37,0.72%,11+ yrs,100,EQUITY,THEMATIC-PSU,-2.1141666666666667,6.3425,12.685,
Bandhan Core Equity Fund,"EQUITY, LARGE, &, MIDCAP",6982 ,₹30702,25.15,0.62%,11+ yrs,102,EQUITY,LARGE,2.095833333333333,6.2875,12.575,
Aditya Birla Sun Life Mid Cap Fund,"EQUITY, MID, CAP",6440 ,₹30380,24.89,1.01%,11+ yrs,105,EQUITY,MID,-2.0741666666666667,6.2225,12.445,
Union Focused Fund,"EQUITY, FOCUSED",429 ,₹23753,18.89,1.51%,5+ yrs,236,EQUITY,FOCUSED,-1.5741666666666667,4.7225,9.445,
Franklin India Feeder Franklin US Opportunities Fund,"EQUITY, INTERNATIONAL",3565 ,₹23257,18.39,0.61%,11+ yrs,246,EQUITY,INTERNATIONAL,-1.5325,4.5975,9.195,
UTI Flexi Cap Fund,"EQUITY, FLEXI, CAP",27706 ,₹22464,17.57,1.02%,11+ yrs,262,EQUITY,FLEXI,-1.4641666666666666,4.3925,8.785,
Canara Robeco Equity Hybrid Fund,"HYBRID, AGGRESSIVE, HYBRID",11278 ,₹22374,17.48,0.56%,11+ yrs,265,HYBRID,AGGRESSIVE,1.4566666666666668,4.37,8.74,
JM Focused Fund,"EQUITY, FOCUSED",177 ,₹22222,17.32,0.77%,11+ yrs,271,EQUITY,FOCUSED,1.4433333333333334,-4.33,8.66,
Mirae Asset Large Cap Fund,"EQUITY, LARGE, CAP",42179 ,₹21759,16.82,0.53%,11+ yrs,283,EQUITY,LARGE,1.4016666666666666,4.205,8.41,
ICICI Prudential Nifty 50 Index Fund,"EQUITY, LARGE, CAP, INDEX",11904 ,₹21518,16.56,0.17%,11+ yrs,295,EQUITY,LARGE,-1.38,-4.14,8.28,
HDFC Focused 30 Fund,"EQUITY, FOCUSED",15109 ,₹29936,24.52,0.53%,11+ yrs,113,EQUITY,FOCUSED,2.043333333333333,-6.13,12.26,
Motilal Oswal Nasdaq 100 FOF Scheme,"EQUITY, INTERNATIONAL",5035 ,₹29446,24.11,0.24%,5+ yrs,121,EQUITY,INTERNATIONAL,-2.0091666666666668,6.0275,12.055,
Axis Growth Opportunities Fund,"EQUITY, LARGE, &, MIDCAP",14526 ,₹29103,23.82,0.58%,6+ yrs,126,EQUITY,LARGE,-1.985,5.955,11.91,
Nippon India US Equity Opportunities Fund,"EQUITY, INTERNATIONAL",681 ,₹20909,15.9,1.3%,9+ yrs,314,EQUITY,INTERNATIONAL,1.325,3.975,7.95,
Aditya Birla Sun Life Financial Planning FOF Moderate Plan,"HYBRID, HYBRID, FOF",38 ,₹20257,15.16,0.6%,11+ yrs,329,HYBRID,HYBRID,1.2633333333333334,3.79,7.58,
SBI Banking & Financial Services Fund,"EQUITY, SECTORAL-BANKING",6407 ,₹21286,16.31,0.74%,9+ yrs,305,EQUITY,SECTORAL-BANKING,1.3591666666666666,4.0775,8.155,
DSP Quant Fund,"EQUITY, QUANT",1125 ,₹21138,16.15,0.55%,5+ yrs,307,EQUITY,QUANT,1.3458333333333332,4.0375,8.075,
Nippon India Gold Savings Fund,"COMMODITIES, GOLD/, PRECIOUS, METALS",2038 ,₹19430,14.21,0.14%,11+ yrs,349,COMMODITIES,GOLD/,1.1841666666666668,-3.5525,7.105,
Aditya Birla Sun Life Gold Fund,"COMMODITIES, GOLD/, PRECIOUS, METALS",393 ,₹19316,14.07,0.15%,11+ yrs,354,COMMODITIES,GOLD/,1.1725,3.5175,7.035,
Quantum ELSS Tax Saver Fund,"EQUITY, ELSS",218 ,₹24791,19.91,0.9%,15+ yrs,210,TAX SAVER,ELSS,1.659166666666667,4.9775,9.955,
HSBC Equity Savings Fund,"HYBRID, EQUITY, SAVINGS",478 ,₹19163,13.89,0.61%,11+ yrs,357,HYBRID,EQUITY,1.1575,3.4725,6.945,
Axis Balanced Advantage Fund,"HYBRID, DYNAMIC, ASSET, ALLOCATION",2577 ,₹19044,13.75,0.82%,7+ yrs,360,HYBRID,DYNAMIC,1.1458333333333333,-3.4375,6.875,
LIC MF Aggressive Hybrid Fund,"HYBRID, AGGRESSIVE, HYBRID",560 ,₹18703,13.34,1.38%,11+ yrs,366,HYBRID,AGGRESSIVE,-1.1116666666666666,3.335,6.67,
Quant Infrastructure Fund,"EQUITY, SECTORAL-INFRASTRUCTURE",3937 ,₹46267,35.85,0.66%,11+ yrs,4,EQUITY,SECTORAL-INFRASTRUCTURE,2.9875000000000003,8.9625,17.925,
ICICI Prudential Dividend Yield Equity Fund,"EQUITY, DIVIDEND, YIELD",5066 ,₹34548,28.14,0.52%,10+ yrs,62,EQUITY,DIVIDEND,-2.345,7.035,14.07,
Franklin India Prima Fund,"EQUITY, MID, CAP",12943 ,₹29457,24.12,0.96%,11+ yrs,120,EQUITY,MID,2.01,6.03,12.06,
Mahindra Manulife Aggressive Hybrid Fund,"HYBRID, AGGRESSIVE, HYBRID",1488 ,₹26230,21.27,0.45%,5+ yrs,178,HYBRID,AGGRESSIVE,1.7725,5.3175,10.635,
Nippon India Large Cap Fund,"EQUITY, LARGE, CAP",34432 ,₹26177,21.22,0.67%,11+ yrs,180,EQUITY,LARGE,-1.768333333333333,-5.305,10.61,
UTI Conservative Hybrid Fund,"HYBRID, CONSERVATIVE, HYBRID",1665 ,₹16629,10.71,1.18%,11+ yrs,402,HYBRID,CONSERVATIVE,-0.8925000000000001,2.6775,5.355,
Aditya Birla Sun Life Regular Savings Fund,"HYBRID, CONSERVATIVE, HYBRID",1413 ,₹16482,10.51,1.02%,11+ yrs,405,HYBRID,CONSERVATIVE,0.8758333333333334,2.6275,5.255,
Tata Equity Savings Fund,"HYBRID, EQUITY, SAVINGS",204 ,₹16425,10.43,0.48%,11+ yrs,406,HYBRID,EQUITY,0.8691666666666666,2.6075,5.215,
SBI Equity Savings Fund,"HYBRID, EQUITY, SAVINGS",5410 ,₹17551,11.91,0.66%,9+ yrs,386,HYBRID,EQUITY,-0.9925,-2.9775,5.955,
ICICI Prudential Balanced Advantage Fund,"HYBRID, DYNAMIC, ASSET, ALLOCATION",62051 ,₹19240,13.98,0.84%,11+ yrs,356,HYBRID,DYNAMIC,-1.165,3.495,6.99,
HDFC Flexi Cap Fund,"EQUITY, FLEXI, CAP",66225 ,₹29619,24.25,0.77%,11+ yrs,115,EQUITY,FLEXI,2.020833333333333,-6.0625,12.125,
Tata India Consumer Fund,"EQUITY, THEMATIC-CONSUMPTION",2522 ,₹26529,21.55,0.7%,8+ yrs,174,EQUITY,THEMATIC-CONSUMPTION,1.7958333333333334,5.3875,10.775,
PGIM India Gilt Fund,"['DEBT', 'GILT']",₹117 Crs,7.2 Lakh,7.22,0.5%,11+yrs,469,DEBT,GILT,0.6016666666666667,1.805,3.61,
Mahindra Manulife Large Cap Fund,"EQUITY, LARGE, CAP",596 ,₹22721,17.84,0.66%,5+ yrs,255,EQUITY,LARGE,1.4866666666666666,4.46,8.92,
Mirae Asset Aggressive Hybrid Fund,"HYBRID, AGGRESSIVE, HYBRID",9481 ,₹21935,17.01,0.4%,9+ yrs,278,HYBRID,AGGRESSIVE,1.4175000000000002,4.2525,8.505,
Bandhan Asset Allocation Aggressive,"HYBRID, HYBRID, FOF",20 ,₹19795,14.63,0.49%,11+ yrs,334,HYBRID,HYBRID,-1.2191666666666667,3.6575,7.315,
JM Large Cap Fund,"EQUITY, LARGE, CAP",429 ,₹24656,19.78,0.66%,11+ yrs,215,EQUITY,LARGE,1.6483333333333334,4.945,9.89,
LIC MF Nifty 50 Index Fund,"EQUITY, LARGE, CAP, INDEX",340 ,₹21326,16.35,0.2%,11+ yrs,303,EQUITY,LARGE,1.3625,-4.0875,8.175,
Franklin India Dynamic Asset Allocation FoF,"HYBRID, HYBRID, FOF",1347 ,₹19537,14.33,0.43%,11+ yrs,346,HYBRID,HYBRID,1.1941666666666666,-3.5825,7.165,
Bandhan ELSS Tax Saver Fund,"EQUITY, ELSS",7354 ,₹29482,24.14,0.64%,11+ yrs,118,TAX SAVER,ELSS,2.0116666666666667,6.035,12.07,
Canara Robeco ELSS Tax Saver,"EQUITY, ELSS",9256 ,₹27320,22.26,0.51%,11+ yrs,155,TAX SAVER,ELSS,1.855,-5.565,11.13,
Kotak ELSS Tax Saver Fund,"EQUITY, ELSS",6501 ,₹27278,22.23,0.57%,11+ yrs,158,TAX SAVER,ELSS,-1.8525,-5.5575,11.115,
HDFC ELSS Tax Saver Fund,"EQUITY, ELSS",16761 ,₹27235,22.19,1.08%,11+ yrs,161,TAX SAVER,ELSS,-1.8491666666666668,5.5475,11.095,
Mirae Asset ELSS Tax Saver Fund,"EQUITY, ELSS",26418 ,₹27203,22.16,0.58%,8+ yrs,163,TAX SAVER,ELSS,1.846666666666667,5.54,11.08,
Franklin India ELSS Tax Saver Fund,"EQUITY, ELSS",7242 ,₹26860,21.85,0.99%,11+ yrs,168,TAX SAVER,ELSS,-1.8208333333333333,5.4625,10.925,
Union ELSS Tax Saver Fund,"EQUITY, ELSS",987 ,₹26056,21.11,1.32%,11+ yrs,181,TAX SAVER,ELSS,-1.7591666666666663,5.2775,10.555,
Mahindra Manulife ELSS Tax Saver Fund,"EQUITY, ELSS",983 ,₹25305,20.4,0.56%,8+ yrs,193,TAX SAVER,ELSS,1.7,5.1,10.2,
Invesco India ELSS Tax Saver Fund,"EQUITY, ELSS",3058 ,₹25158,20.26,0.75%,11+ yrs,196,TAX SAVER,ELSS,-1.6883333333333337,5.065,10.13,
Tata ELSS Tax Saver Fund,"EQUITY, ELSS",4926 ,₹25043,20.15,0.69%,10+ yrs,200,TAX SAVER,ELSS,-1.6791666666666665,5.0375,10.075,
Axis ELSS Tax Saver Fund,"EQUITY, ELSS",39253 ,₹19966,14.83,0.77%,11+ yrs,333,TAX SAVER,ELSS,-1.2358333333333331,-3.7075,7.415,
Edelweiss ELSS Tax Saver Fund,"EQUITY, ELSS",413 ,₹24784,19.9,0.7%,11+ yrs,211,TAX SAVER,ELSS,1.6583333333333332,-4.975,9.95,
UTI Corporate Bond Fund,"['DEBT', 'CORPORATE BOND']","₹4,519 Crs",7.08 Lakh,6.57,0.29%,6+yrs,532,DEBT,CORPORATE BOND,0.5475,1.6425,3.285,
Aditya Birla Sun Life Savings Fund,"['DEBT', 'ULTRA SHORT DURATION']","₹12,417 Crs",7.08 Lakh,6.57,0.36%,11+yrs,533,DEBT,ULTRA SHORT DURATION,0.5475,1.6425,3.285,
Axis Treasury Advantage Fund,"['DEBT', 'LOW DURATION']","₹6,049 Crs",7.08 Lakh,6.56,0.35%,11+yrs,534,DEBT,LOW DURATION,0.5466666666666666,1.64,3.28,
SBI Short Term Debt Fund,"['DEBT', 'SHORT DURATION']","₹13,193 Crs",7.08 Lakh,6.54,0.35%,11+yrs,537,DEBT,SHORT DURATION,0.545,1.635,3.27,
Axis Ultra Short Duration Fund,"['DEBT', 'ULTRA SHORT DURATION']","₹5,202 Crs",7.08 Lakh,6.54,0.36%,6+yrs,538,DEBT,ULTRA SHORT DURATION,0.545,-1.635,3.27,
Baroda BNP Paribas Low Duration Fund,"['DEBT', 'LOW DURATION']",₹224 Crs,7.08 Lakh,6.53,0.31%,11+yrs,539,DEBT,LOW DURATION,0.5441666666666667,1.6325,3.265,
Franklin India Corporate Debt Fund,"['DEBT', 'CORPORATE BOND']",₹785 Crs,7.08 Lakh,6.53,0.23%,11+yrs,540,DEBT,CORPORATE BOND,0.5441666666666667,-1.6325,3.265,
Tata Short Term Bond Fund,"['DEBT', 'SHORT DURATION']","₹2,836 Crs",7.09 Lakh,6.63,0.36%,11+yrs,527,DEBT,SHORT DURATION,0.5525,1.6575,3.315,
DSP Gilt Fund,"['DEBT', 'GILT']","₹1,418 Crs",7.29 Lakh,7.7,0.56%,11+yrs,437,DEBT,GILT,-0.6416666666666667,1.925,3.85,
UTI Short Duration Fund,"['DEBT', 'SHORT DURATION']","₹2,567 Crs",7.29 Lakh,7.7,0.41%,11+yrs,438,DEBT,SHORT DURATION,0.6416666666666667,1.925,3.85,
Axis Strategic Bond Fund,"['DEBT', 'MEDIUM DURATION']","₹1,945 Crs",7.28 Lakh,7.64,0.45%,11+yrs,442,DEBT,MEDIUM DURATION,0.6366666666666666,1.91,3.82,
Axis Credit Risk Fund,"['DEBT', 'CREDIT RISK']",₹430 Crs,7.26 Lakh,7.58,0.8%,10+yrs,447,DEBT,CREDIT RISK,0.6316666666666667,1.895,3.79,
DSP Strategic Bond Fund,"['DEBT', 'DYNAMIC BOND']","₹1,756 Crs",7.26 Lakh,7.58,0.53%,11+yrs,448,DEBT,DYNAMIC BOND,-0.6316666666666667,1.895,3.79,
ICICI Prudential Floating Interest Fund,"['DEBT', 'FLOATER']","₹8,822 Crs",7.26 Lakh,7.53,0.56%,11+yrs,452,DEBT,FLOATER,-0.6275000000000001,1.8825,3.765,
ICICI Prudential Medium Term Bond Fund,"['DEBT', 'MEDIUM DURATION']","₹5,983 Crs",7.25 Lakh,7.5,0.74%,11+yrs,453,DEBT,MEDIUM DURATION,-0.625,1.875,3.75,
ICICI Prudential Short Term Fund,"['DEBT', 'SHORT DURATION']","₹19,746 Crs",7.24 Lakh,7.44,0.45%,11+yrs,457,DEBT,SHORT DURATION,0.62,1.86,3.72,
ICICI Prudential Bond Fund,"['DEBT', 'MEDIUM TO LONG DURATION']","₹2,960 Crs",7.19 Lakh,7.15,0.62%,11+yrs,474,DEBT,MEDIUM TO LONG DURATION,0.5958333333333333,1.7875,3.575,
ICICI Prudential Savings Fund,"['DEBT', 'LOW DURATION']","₹20,751 Crs",7.12 Lakh,6.77,0.42%,11+yrs,507,DEBT,LOW DURATION,0.5641666666666666,1.6925,3.385,
ICICI Prudential Long Term Bond Fund,"['DEBT', 'LONG DURATION']",₹991 Crs,7.11 Lakh,6.69,0.4%,11+yrs,516,DEBT,LONG DURATION,-0.5575,1.6725,3.345,
Nippon India Income Fund,"['DEBT', 'MEDIUM TO LONG DURATION']",₹427 Crs,7.18 Lakh,7.1,0.67%,11+yrs,480,DEBT,MEDIUM TO LONG DURATION,0.5916666666666667,1.775,3.55,
Invesco India Gilt Fund,"['DEBT', 'GILT']","₹1,107 Crs",7.18 Lakh,7.1,0.46%,11+yrs,481,DEBT,GILT,0.5916666666666667,1.775,3.55,
Aditya Birla Sun Life Corporate Bond Fund,"['DEBT', 'CORPORATE BOND']","₹22,494 Crs",7.17 Lakh,7.05,0.34%,11+yrs,485,DEBT,CORPORATE BOND,0.5875,1.7625,3.525,
UTI Ultra Short Duration Fund,"['DEBT', 'ULTRA SHORT DURATION']","₹2,651 Crs",7.13 Lakh,6.82,0.33%,11+yrs,500,DEBT,ULTRA SHORT DURATION,0.5683333333333334,1.705,3.41,
ICICI Prudential Retirement Fund - Pure Debt Plan,"['DEBT', 'RETIREMENT SOLUTIONS']",₹118 Crs,7.13 Lakh,6.81,1.19%,5+yrs,501,DEBT,RETIREMENT SOLUTIONS,0.5675,1.7025,3.405,
Kotak Bond Short-term Fund,"['DEBT', 'SHORT DURATION']","₹16,806 Crs",7.13 Lakh,6.81,0.37%,11+yrs,502,DEBT,SHORT DURATION,-0.5675,1.7025,3.405,
Kotak Corporate Bond Fund,"['DEBT', 'CORPORATE BOND']","₹13,846 Crs",7.12 Lakh,6.8,0.34%,11+yrs,503,DEBT,CORPORATE BOND,-0.5666666666666667,-1.7,3.4,
SBI Magnum Constant Maturity Fund,"['DEBT', 'GILT WITH 10 YEAR CONSTANT DURATION']","₹1,703 Crs",7.1 Lakh,6.66,0.31%,11+yrs,520,DEBT,GILT WITH 10 YEAR CONSTANT DURATION,0.555,1.665,3.33,
HDFC Gilt Fund,"['DEBT', 'GILT']","₹2,667 Crs",7.09 Lakh,6.62,0.46%,11+yrs,528,DEBT,GILT,0.5516666666666666,1.655,3.31,
HSBC Low Duration Fund,"['DEBT', 'LOW DURATION']",₹437 Crs,7.09 Lakh,6.6,0.24%,11+yrs,529,DEBT,LOW DURATION,0.5499999999999999,1.65,3.3,
UTI Gilt Fund,"['DEBT', 'GILT']",₹659 Crs,7.08 Lakh,6.55,0.65%,11+yrs,535,DEBT,GILT,-0.5458333333333333,1.6375,3.275,
Aditya Birla Sun Life Money Manager Fund,"['DEBT', 'MONEY MARKET']","₹24,595 Crs",7.08 Lakh,6.54,0.22%,11+yrs,536,DEBT,MONEY MARKET,-0.545,1.635,3.27,
HSBC Medium Duration Fund,"['DEBT', 'MEDIUM DURATION']",₹834 Crs,7.2 Lakh,7.21,0.4%,9+yrs,471,DEBT,MEDIUM DURATION,0.6008333333333333,-1.8025,3.605,
HDFC Dynamic Debt Fund,"['DEBT', 'DYNAMIC BOND']",₹784 Crs,7.28 Lakh,7.64,0.74%,11+yrs,443,DEBT,DYNAMIC BOND,0.6366666666666666,1.91,3.82,
SBI Magnum Gilt Fund,"['DEBT', 'GILT']","₹10,422 Crs",7.27 Lakh,7.59,0.46%,11+yrs,444,DEBT,GILT,0.6325,1.8975,3.795,
Edelweiss Government Securities Fund,"['DEBT', 'GILT']",₹171 Crs,7.27 Lakh,7.58,0.47%,10+yrs,445,DEBT,GILT,0.6316666666666667,1.895,3.79,
UTI Banking & PSU Fund,"['DEBT', 'BANKING AND PSU']",₹824 Crs,7.27 Lakh,7.58,0.38%,10+yrs,446,DEBT,BANKING AND PSU,0.6316666666666667,1.895,3.79,
UTI Medium to Long Duration Fund,"['DEBT', 'MEDIUM TO LONG DURATION']",₹315 Crs,7.48 Lakh,8.77,1.24%,11+yrs,427,DEBT,MEDIUM TO LONG DURATION,0.7308333333333333,2.1925,4.385,
Quantum Dynamic Bond Fund,"['DEBT', 'DYNAMIC BOND']",₹109 Crs,7.21 Lakh,7.25,0.51%,9+yrs,465,DEBT,DYNAMIC BOND,-0.6041666666666666,1.8125,3.625,
Aditya Birla Sun Life Short Term Fund,"['DEBT', 'SHORT DURATION']","₹8,760 Crs",7.2 Lakh,7.25,0.38%,11+yrs,466,DEBT,SHORT DURATION,0.6041666666666666,1.8125,3.625,
Kotak Bond Fund,"['DEBT', 'MEDIUM TO LONG DURATION']","₹2,171 Crs",7.2 Lakh,7.23,0.69%,11+yrs,467,DEBT,MEDIUM TO LONG DURATION,0.6025,-1.8075,3.615,
HDFC Medium Term Debt Fund,"['DEBT', 'MEDIUM DURATION']","₹4,062 Crs",7.2 Lakh,7.23,0.6%,11+yrs,468,DEBT,MEDIUM DURATION,0.6025,1.8075,3.615,
SBI Magnum Income Fund,"['DEBT', 'MEDIUM TO LONG DURATION']","₹1,796 Crs",7.2 Lakh,7.22,0.78%,11+yrs,470,DEBT,MEDIUM TO LONG DURATION,0.6016666666666667,-1.805,3.61,
Nippon India Corporate Bond Fund,"['DEBT', 'CORPORATE BOND']","₹4,618 Crs",7.2 Lakh,7.21,0.35%,11+yrs,472,DEBT,CORPORATE BOND,0.6008333333333333,1.8025,3.605,
UTI Low Duration Fund,"['DEBT', 'LOW DURATION']","₹2,707 Crs",7.2 Lakh,7.2,0.37%,11+yrs,473,DEBT,LOW DURATION,0.6,1.8,3.6,
HDFC Floating Rate Debt Fund,"['DEBT', 'FLOATER']","₹14,839 Crs",7.18 Lakh,7.14,0.26%,11+yrs,475,DEBT,FLOATER,0.595,1.785,3.57,
Baroda BNP Paribas Dynamic Bond Fund,"['DEBT', 'DYNAMIC BOND']",₹159 Crs,7.18 Lakh,7.14,0.71%,11+yrs,476,DEBT,DYNAMIC BOND,0.595,-1.785,3.57,
Franklin India Floating Rate Fund,"['DEBT', 'FLOATER']",₹307 Crs,7.18 Lakh,7.12,0.24%,11+yrs,477,DEBT,FLOATER,0.5933333333333334,1.78,3.56,
SBI Magnum Medium Duration Fund,"['DEBT', 'MEDIUM DURATION']","₹6,800 Crs",7.18 Lakh,7.12,0.69%,11+yrs,478,DEBT,MEDIUM DURATION,0.5933333333333334,1.78,3.56,
Aditya Birla Sun Life Low Duration Fund,"['DEBT', 'LOW DURATION']","₹10,408 Crs",7.12 Lakh,6.8,0.42%,11+yrs,504,DEBT,LOW DURATION,0.5666666666666667,1.7,3.4,
SBI Dynamic Bond Fund,"['DEBT', 'DYNAMIC BOND']","₹3,251 Crs",7.24 Lakh,7.47,0.62%,11+yrs,455,DEBT,DYNAMIC BOND,0.6224999999999999,1.8675,3.735,
Bandhan Dynamic Bond Fund,"['DEBT', 'DYNAMIC BOND']","₹2,917 Crs",7.22 Lakh,7.35,0.72%,11+yrs,459,DEBT,DYNAMIC BOND,-0.6124999999999999,-1.8375,3.675,
Nippon India Gilt Securities Fund,"['DEBT', 'GILT']","₹1,986 Crs",7.18 Lakh,7.1,0.5%,11+yrs,482,DEBT,GILT,-0.5916666666666667,-1.775,3.55,
Axis Corporate Bond Fund,"['DEBT', 'CORPORATE BOND']","₹6,098 Crs",7.17 Lakh,7.08,0.32%,7+yrs,483,DEBT,CORPORATE BOND,-0.59,1.77,3.54,
ICICI Prudential Corporate Bond Fund,"['DEBT', 'CORPORATE BOND']","₹26,854 Crs",7.17 Lakh,7.07,0.35%,11+yrs,484,DEBT,CORPORATE BOND,0.5891666666666667,-1.7675,3.535,
HDFC Corporate Bond Fund,"['DEBT', 'CORPORATE BOND']","₹31,301 Crs",7.16 Lakh,6.98,0.36%,11+yrs,486,DEBT,CORPORATE BOND,0.5816666666666667,-1.745,3.49,
ICICI Prudential Banking & PSU Debt Fund,"['DEBT', 'BANKING AND PSU']","₹8,930 Crs",7.16 Lakh,6.98,0.39%,11+yrs,487,DEBT,BANKING AND PSU,0.5816666666666667,1.745,3.49,
Nippon India Short-term Fund,"['DEBT', 'SHORT DURATION']","₹7,122 Crs",7.16 Lakh,6.98,0.38%,11+yrs,488,DEBT,SHORT DURATION,0.5816666666666667,1.745,3.49,
HDFC Short Term Debt Fund,"['DEBT', 'SHORT DURATION']","₹14,622 Crs",7.15 Lakh,6.96,0.4%,11+yrs,489,DEBT,SHORT DURATION,0.58,1.74,3.48,
ICICI Prudential Debt Management Fund (FOF),"['DEBT', 'MEDIUM DURATION']",₹119 Crs,7.15 Lakh,6.95,0.41%,11+yrs,490,DEBT,MEDIUM DURATION,0.5791666666666667,1.7375,3.475,
Tata Gilt Securities Fund,"['DEBT', 'GILT']",₹816 Crs,7.15 Lakh,6.95,0.39%,11+yrs,491,DEBT,GILT,0.5791666666666667,1.7375,3.475,
Nippon India Floating Rate Fund,"['DEBT', 'FLOATER']","₹7,803 Crs",7.15 Lakh,6.92,0.31%,11+yrs,492,DEBT,FLOATER,0.5766666666666667,1.73,3.46,
Axis Short Duration Fund,"['DEBT', 'SHORT DURATION']","₹9,342 Crs",7.14 Lakh,6.88,0.36%,11+yrs,493,DEBT,SHORT DURATION,-0.5733333333333334,1.72,3.44,
Aditya Birla Sun Life Income Fund,"['DEBT', 'MEDIUM TO LONG DURATION']","₹2,103 Crs",7.13 Lakh,6.85,0.74%,11+yrs,494,DEBT,MEDIUM TO LONG DURATION,0.5708333333333333,1.7125,3.425,
Aditya Birla Sun Life Floating Rate Fund,"['DEBT', 'FLOATER']","₹12,681 Crs",7.13 Lakh,6.84,0.23%,11+yrs,495,DEBT,FLOATER,0.57,1.71,3.42,
Kotak Banking and PSU Debt Fund,"['DEBT', 'BANKING AND PSU']","₹5,714 Crs",7.13 Lakh,6.84,0.39%,11+yrs,496,DEBT,BANKING AND PSU,0.57,-1.71,3.42,
HDFC Low Duration Fund,"['DEBT', 'LOW DURATION']","₹17,268 Crs",7.13 Lakh,6.82,0.45%,11+yrs,497,DEBT,LOW DURATION,-0.5683333333333334,1.705,3.41,
Canara Robeco Gilt Fund,"['DEBT', 'GILT']",₹121 Crs,7.13 Lakh,6.82,0.54%,11+yrs,498,DEBT,GILT,0.5683333333333334,1.705,3.41,
Nippon India Dynamic Bond Fund,"['DEBT', 'DYNAMIC BOND']","₹4,372 Crs",7.13 Lakh,6.82,0.32%,11+yrs,499,DEBT,DYNAMIC BOND,0.5683333333333334,-1.705,3.41,
DSP Banking & PSU Debt Fund,"['DEBT', 'BANKING AND PSU']","₹2,710 Crs",7.1 Lakh,6.68,0.32%,11+yrs,518,DEBT,BANKING AND PSU,0.5566666666666666,1.67,3.34,
Nippon India Banking & PSU Debt Fund,"['DEBT', 'BANKING AND PSU']","₹5,347 Crs",7.1 Lakh,6.67,0.38%,9+yrs,519,DEBT,BANKING AND PSU,0.5558333333333333,-1.6675,3.335,
Axis Dynamic Bond Fund,"['DEBT', 'DYNAMIC BOND']","₹1,689 Crs",7.12 Lakh,6.75,0.26%,11+yrs,510,DEBT,DYNAMIC BOND,0.5625,1.6875,3.375,
Nippon India Low Duration Fund,"['DEBT', 'LOW DURATION']","₹6,981 Crs",7.11 Lakh,6.71,0.38%,11+yrs,512,DEBT,LOW DURATION,0.5591666666666667,-1.6775,3.355,
HDFC Income Fund,"['DEBT', 'MEDIUM TO LONG DURATION']",₹857 Crs,7.1 Lakh,6.69,0.8%,11+yrs,517,DEBT,MEDIUM TO LONG DURATION,-0.5575,1.6725,3.345,
Mirae Asset Short Duration Fund,"['DEBT', 'SHORT DURATION']",₹342 Crs,7.09 Lakh,6.59,0.29%,6+yrs,530,DEBT,SHORT DURATION,0.5491666666666667,1.6475,3.295,
Aditya Birla Sun Life Active Debt Multi Manager FoF Scheme,"['DEBT', 'MEDIUM TO LONG DURATION']",₹10 Crs,7.08 Lakh,6.58,0.19%,11+yrs,531,DEBT,MEDIUM TO LONG DURATION,0.5483333333333333,1.645,3.29,
Bandhan Asset Allocation Moderate,"HYBRID, HYBRID, FOF",20 ,₹17330,11.62,0.41%,11+ yrs,389,HYBRID,HYBRID,0.9683333333333332,-2.905,5.81,
HDFC Hybrid Debt Fund,"HYBRID, CONSERVATIVE, HYBRID",3342 ,₹17285,11.57,1.23%,11+ yrs,391,HYBRID,CONSERVATIVE,0.9641666666666668,-2.8925,5.785,
Invesco India Equity Savings Fund,"HYBRID, EQUITY, SAVINGS",313 ,₹17062,11.28,0.73%,5+ yrs,393,HYBRID,EQUITY,0.94,2.82,5.64,
Axis Equity Savings Fund,"HYBRID, EQUITY, SAVINGS",1008 ,₹17028,11.23,1.01%,9+ yrs,396,HYBRID,EQUITY,0.9358333333333334,-2.8075,5.615,
Bank of India Credit Risk Fund,"DEBT, CREDIT, RISK",115 ,₹16871,11.03,1.03%,9+ yrs,397,DEBT,CREDIT,-0.9191666666666666,2.7575,5.515,
Aditya Birla Sun Life Global Excellence Equity FoF,"EQUITY, INTERNATIONAL",200 ,₹15669,9.4,0.68%,11+ yrs,418,EQUITY,INTERNATIONAL,0.7833333333333333,2.35,4.7,
Aditya Birla Sun Life Equity Savings Fund,"HYBRID, EQUITY, SAVINGS",640 ,₹15665,9.39,0.62%,9+ yrs,419,HYBRID,EQUITY,0.7825000000000001,2.3475,4.695,
Tata Retirement Savings Conservative Fund,"HYBRID, RETIREMENT, SOLUTIONS",178 ,₹15663,9.39,0.97%,11+ yrs,420,HYBRID,RETIREMENT,-0.7825000000000001,2.3475,4.695,
ICICI Prudential Income Optimizer Fund (FOF),"HYBRID, HYBRID, FOF",278 ,₹17297,11.58,0.53%,11+ yrs,390,HYBRID,HYBRID,0.965,2.895,5.79,
Motilal Oswal Nifty Bank Index Fund,"EQUITY, OTHER, EQUITY, INDEX",621 ,₹17272,11.55,0.33%,5+ yrs,392,EQUITY,OTHER,0.9625,2.8875,5.775,
DSP Equity Savings Fund,"HYBRID, EQUITY, SAVINGS",1937 ,₹17053,11.27,0.45%,8+ yrs,394,HYBRID,EQUITY,-0.9391666666666666,2.8175,5.635,
Quantum Multi Asset Fund of Funds,"HYBRID, HYBRID, FOF",60 ,₹17045,11.25,0.1%,12+ yrs,395,HYBRID,HYBRID,0.9375,2.8125,5.625,
Bank of India Credit Risk Fund,"['DEBT', 'CREDIT RISK']",₹115 Crs,11 Lakh,24.49,1.03%,9+yrs,421,DEBT,CREDIT RISK,2.040833333333333,6.1225,12.245,
Aditya Birla Sun Life Medium Term Fund,"['DEBT', 'MEDIUM DURATION']","₹1,921 Crs",8.29 Lakh,12.89,0.85%,11+yrs,422,DEBT,MEDIUM DURATION,1.0741666666666667,-3.2225,6.445,
Bank of India Short Term Income Fund,"['DEBT', 'SHORT DURATION']",₹71 Crs,7.91 Lakh,10.97,0.45%,11+yrs,423,DEBT,SHORT DURATION,0.9141666666666668,2.7425,5.485,
JM ELSS Tax Saver Fund,"EQUITY, ELSS",187 ,₹27879,22.76,1.15%,11+ yrs,143,TAX SAVER,ELSS,-1.8966666666666667,5.69,11.38,
Quant ELSS Tax Saver Fund,"EQUITY, ELSS",11561 ,₹43018,33.88,0.65%,11+ yrs,9,TAX SAVER,ELSS,-2.8233333333333337,8.47,16.94,
Bank of India ELSS Tax Saver Fund,"EQUITY, ELSS",1486 ,₹32092,26.26,0.84%,11+ yrs,81,TAX SAVER,ELSS,2.188333333333333,6.565,13.13,
SBI Long Term Equity Fund,"EQUITY, ELSS",28733 ,₹31439,25.75,0.93%,11+ yrs,93,TAX SAVER,ELSS,-2.145833333333333,6.4375,12.875,
Parag Parikh ELSS Tax Saver Fund,"EQUITY, ELSS",4362 ,₹30211,24.75,0.62%,5+ yrs,109,TAX SAVER,ELSS,2.0625,6.1875,12.375,
Motilal Oswal ELSS Tax Saver Fund,"EQUITY, ELSS",4195 ,₹29980,24.56,0.64%,9+ yrs,112,TAX SAVER,ELSS,-2.0466666666666664,6.14,12.28,
DSP ELSS Tax Saver Fund,"EQUITY, ELSS",17771 ,₹28188,23.03,0.74%,11+ yrs,136,TAX SAVER,ELSS,-1.919166666666667,5.7575,11.515,
Aditya Birla Sun Life Credit Risk Fund,"['DEBT', 'CREDIT RISK']",₹917 Crs,7.69 Lakh,9.86,0.67%,9+yrs,424,DEBT,CREDIT RISK,-0.8216666666666667,2.465,4.93,
Baroda BNP Paribas Credit Risk Fund,"['DEBT', 'CREDIT RISK']",₹167 Crs,7.62 Lakh,9.5,0.79%,9+yrs,426,DEBT,CREDIT RISK,0.7916666666666666,2.375,4.75,
UTI Credit Risk Fund,"['DEBT', 'CREDIT RISK']",₹330 Crs,7.38 Lakh,8.23,0.94%,11+yrs,429,DEBT,CREDIT RISK,-0.6858333333333334,2.0575,4.115,
ICICI Prudential Credit Risk Fund,"['DEBT', 'CREDIT RISK']","₹6,468 Crs",7.37 Lakh,8.13,0.76%,11+yrs,430,DEBT,CREDIT RISK,0.6775000000000001,-2.0325,4.065,
Invesco India Credit Risk Fund,"['DEBT', 'CREDIT RISK']",₹142 Crs,7.36 Lakh,8.07,0.28%,10+yrs,431,DEBT,CREDIT RISK,0.6725,2.0175,4.035,
Aditya Birla Sun Life Dynamic Bond Fund,"['DEBT', 'DYNAMIC BOND']","₹1,700 Crs",7.33 Lakh,7.96,0.64%,11+yrs,432,DEBT,DYNAMIC BOND,0.6633333333333333,1.99,3.98,
Kotak Medium Term Fund,"['DEBT', 'MEDIUM DURATION']","₹1,659 Crs",7.3 Lakh,7.77,0.67%,10+yrs,434,DEBT,MEDIUM DURATION,0.6475,-1.9425,3.885,
ICICI Prudential All Seasons Bond Fund,"['DEBT', 'DYNAMIC BOND']","₹12,984 Crs",7.3 Lakh,7.76,0.59%,11+yrs,435,DEBT,DYNAMIC BOND,-0.6466666666666666,1.94,3.88,
Sundaram Low Duration Fund,"['DEBT', 'LOW DURATION']",₹382 Crs,7.29 Lakh,7.71,0.39%,11+yrs,436,DEBT,LOW DURATION,0.6425,1.9275,3.855,
Kotak Dynamic Bond Fund,"['DEBT', 'DYNAMIC BOND']","₹2,783 Crs",7.28 Lakh,7.68,0.58%,11+yrs,439,DEBT,DYNAMIC BOND,0.64,1.92,3.84,
SBI Credit Risk Fund,"['DEBT', 'CREDIT RISK']","₹2,345 Crs",7.28 Lakh,7.68,0.89%,11+yrs,440,DEBT,CREDIT RISK,0.64,1.92,3.84,
HDFC Credit Risk Debt Fund,"['DEBT', 'CREDIT RISK']","₹7,526 Crs",7.28 Lakh,7.67,0.97%,10+yrs,441,DEBT,CREDIT RISK,0.6391666666666667,1.9175,3.835,
Nippon India Nivesh Lakshya Fund,"['DEBT', 'LONG DURATION']","₹8,820 Crs",7.26 Lakh,7.58,0.3%,6+yrs,449,DEBT,LONG DURATION,0.6316666666666667,1.895,3.79,
Kotak Gilt Investment Fund,"['DEBT', 'GILT']","₹3,979 Crs",7.26 Lakh,7.57,0.47%,11+yrs,450,DEBT,GILT,0.6308333333333334,1.8925,3.785,
Bandhan GSF Investment Fund,"['DEBT', 'GILT']","₹3,079 Crs",7.26 Lakh,7.55,0.52%,11+yrs,451,DEBT,GILT,-0.6291666666666667,-1.8875,3.775,
Sundaram ELSS Tax Saver Fund,"EQUITY, ELSS",1434 ,₹24891,20.01,1.64%,11+ yrs,206,TAX SAVER,ELSS,1.6675000000000002,5.0025,10.005,
ICICI Prudential ELSS Tax Saver,"EQUITY, ELSS",15321 ,₹24774,19.89,1.07%,11+ yrs,212,TAX SAVER,ELSS,-1.6575,4.9725,9.945,
Baroda BNP Paribas ELSS Tax Saver Fund,"EQUITY, ELSS",988 ,₹24631,19.76,0.95%,11+ yrs,216,TAX SAVER,ELSS,1.6466666666666667,4.94,9.88,
PGIM India ELSS Tax Saver Fund,"EQUITY, ELSS",799 ,₹24546,19.67,0.72%,9+ yrs,218,TAX SAVER,ELSS,1.6391666666666669,4.9175,9.835,
UTI ELSS Tax Saver Fund,"EQUITY, ELSS",4183 ,₹24543,19.67,0.89%,11+ yrs,219,TAX SAVER,ELSS,1.6391666666666669,4.9175,9.835,
Nippon India ELSS Tax Saver Fund,"EQUITY, ELSS",16711 ,₹24189,19.32,1.01%,11+ yrs,228,TAX SAVER,ELSS,1.61,4.83,9.66,
LIC MF ELSS Tax Saver,"EQUITY, ELSS",1209 ,₹22515,17.62,0.95%,11+ yrs,260,TAX SAVER,ELSS,1.4683333333333335,4.405,8.81,
ICICI Prudential Gilt Fund,"['DEBT', 'GILT']","₹6,633 Crs",7.25 Lakh,7.5,0.56%,11+yrs,454,DEBT,GILT,0.625,1.875,3.75,
360 ONE Dynamic Bond Fund,"['DEBT', 'DYNAMIC BOND']",₹775 Crs,7.24 Lakh,7.44,0.27%,11+yrs,456,DEBT,DYNAMIC BOND,0.62,1.86,3.72,
Nippon India Strategic Debt Fund,"['DEBT', 'MEDIUM DURATION']",₹117 Crs,7.23 Lakh,7.36,0.5%,10+yrs,458,DEBT,MEDIUM DURATION,0.6133333333333334,-1.84,3.68,
JM Low Duration Fund,"['DEBT', 'LOW DURATION']",₹240 Crs,7.22 Lakh,7.34,0.25%,11+yrs,460,DEBT,LOW DURATION,0.6116666666666667,1.835,3.67,
Axis Gilt Fund,"['DEBT', 'GILT']",₹613 Crs,7.22 Lakh,7.33,0.35%,11+yrs,461,DEBT,GILT,-0.6108333333333333,1.8325,3.665,
Nippon India Ultra Short Duration Fund,"['DEBT', 'ULTRA SHORT DURATION']","₹7,257 Crs",7.22 Lakh,7.31,0.38%,11+yrs,462,DEBT,ULTRA SHORT DURATION,-0.6091666666666666,1.8275,3.655,
PGIM India Dynamic Bond Fund,"['DEBT', 'DYNAMIC BOND']",₹108 Crs,7.21 Lakh,7.29,0.35%,11+yrs,463,DEBT,DYNAMIC BOND,0.6075,1.8225,3.645,
Aditya Birla Sun Life Government Securities Fund,"['DEBT', 'GILT']","₹2,182 Crs",7.21 Lakh,7.26,0.49%,11+yrs,464,DEBT,GILT,0.605,1.815,3.63,
HSBC Gilt Fund,"['DEBT', 'GILT']",₹218 Crs,7.12 Lakh,6.79,0.48%,11+yrs,505,DEBT,GILT,0.5658333333333333,1.6975,3.395,
Edelweiss Banking and PSU Debt Fund,"['DEBT', 'BANKING AND PSU']",₹270 Crs,7.12 Lakh,6.77,0.39%,11+yrs,506,DEBT,BANKING AND PSU,0.5641666666666666,1.6925,3.385,
LIC MF Medium to Long Duration Fund,"['DEBT', 'MEDIUM TO LONG DURATION']",₹178 Crs,7.12 Lakh,6.76,0.21%,11+yrs,508,DEBT,MEDIUM TO LONG DURATION,-0.5633333333333334,1.69,3.38,
Aditya Birla Sun Life ELSS Tax Saver Fund,"EQUITY, ELSS",17102 ,₹19251,14.0,0.91%,11+ yrs,355,TAX SAVER,ELSS,-1.1666666666666667,3.5,7.0,
Kotak Low Duration Fund,"['DEBT', 'LOW DURATION']","₹9,292 Crs",7.12 Lakh,6.76,0.42%,11+yrs,509,DEBT,LOW DURATION,-0.5633333333333334,-1.69,3.38,
PGIM India Corporate Bond Fund,"['DEBT', 'CORPORATE BOND']",₹97 Crs,7.11 Lakh,6.72,0.29%,11+yrs,511,DEBT,CORPORATE BOND,-0.5599999999999999,1.68,3.36,
HDFC Banking and PSU Debt Fund,"['DEBT', 'BANKING AND PSU']","₹5,748 Crs",7.11 Lakh,6.7,0.39%,10+yrs,513,DEBT,BANKING AND PSU,0.5583333333333333,1.675,3.35,
Baroda BNP Paribas Short Duration Fund,"['DEBT', 'SHORT DURATION']",₹203 Crs,7.11 Lakh,6.7,0.38%,11+yrs,514,DEBT,SHORT DURATION,0.5583333333333333,-1.675,3.35,
Aditya Birla Sun Life Banking & PSU Debt Fund,"['DEBT', 'BANKING AND PSU']","₹9,342 Crs",7.11 Lakh,6.7,0.39%,11+yrs,515,DEBT,BANKING AND PSU,0.5583333333333333,-1.675,3.35,
Kotak Floating Rate Fund,"['DEBT', 'FLOATER']","₹3,690 Crs",7.18 Lakh,7.11,0.25%,5+yrs,479,DEBT,FLOATER,0.5925,-1.7775,3.555,
ICICI Prudential Commodities Fund,"EQUITY, THEMATIC",2609 ,₹42061,33.28,0.92%,5+ yrs,12,EQUITY,THEMATIC,2.773333333333333,8.32,16.64,
Tata Midcap Growth Fund,"EQUITY, MID, CAP",4637 ,₹32467,26.56,0.68%,11+ yrs,77,EQUITY,MID,2.2133333333333334,6.64,13.28,
Invesco India Smallcap Fund,"EQUITY, SMALL, CAP",5376 ,₹41395,32.86,0.41%,6+ yrs,13,EQUITY,SMALL,-2.7383333333333333,8.215,16.43,
DSP Healthcare Fund,"EQUITY, SECTORAL-PHARMA",3094 ,₹41127,32.69,0.6%,5+ yrs,14,EQUITY,SECTORAL-PHARMA,2.724166666666666,8.1725,16.345,
Kotak Small Cap Fund,"EQUITY, SMALL, CAP",18287 ,₹40718,32.42,0.48%,11+ yrs,15,EQUITY,SMALL,2.7016666666666667,8.105,16.21,
Tata Digital India Fund,"EQUITY, SECTORAL-TECHNOLOGY",12052 ,₹38476,30.93,0.35%,8+ yrs,26,EQUITY,SECTORAL-TECHNOLOGY,2.5775,7.7325,15.465,
Bandhan Infrastructure Fund,"EQUITY, SECTORAL-INFRASTRUCTURE",1906 ,₹38450,30.91,0.81%,11+ yrs,27,EQUITY,SECTORAL-INFRASTRUCTURE,2.575833333333333,7.7275,15.455,
PGIM India Midcap Opportunities Fund,"EQUITY, MID, CAP",11700 ,₹38185,30.73,0.45%,10+ yrs,28,EQUITY,MID,-2.560833333333333,7.6825,15.365,
SBI Healthcare Opportunities Fund,"EQUITY, SECTORAL-PHARMA",3346 ,₹38122,30.69,0.89%,11+ yrs,29,EQUITY,SECTORAL-PHARMA,2.5575,7.6725,15.345,
Nippon India Growth Fund,"EQUITY, MID, CAP",35209 ,₹37973,30.59,0.77%,11+ yrs,30,EQUITY,MID,2.549166666666667,7.6475,15.295,
Axis Conservative Hybrid Fund,"HYBRID, CONSERVATIVE, HYBRID",305 ,₹15785,9.56,0.94%,11+ yrs,416,HYBRID,CONSERVATIVE,0.7966666666666667,-2.39,4.78,
ICICI Prudential Pharma Healthcare And Diagnostics (P.H.D) Fund,"EQUITY, SECTORAL-PHARMA",4987 ,₹40524,32.29,1.06%,6+ yrs,16,EQUITY,SECTORAL-PHARMA,-2.6908333333333334,8.0725,16.145,
Nippon India Power & Infra Fund,"EQUITY, SECTORAL-INFRASTRUCTURE",7863 ,₹37596,30.32,0.95%,11+ yrs,31,EQUITY,SECTORAL-INFRASTRUCTURE,2.526666666666667,7.58,15.16,
Sundaram Small Cap Fund,"EQUITY, SMALL, CAP",3581 ,₹37369,30.17,0.8%,11+ yrs,32,EQUITY,SMALL,2.5141666666666667,-7.5425,15.085,
ICICI Prudential Smallcap Fund,"EQUITY, SMALL, CAP",8825 ,₹37093,29.97,0.69%,11+ yrs,33,EQUITY,SMALL,-2.4975,7.4925,14.985,
Canara Robeco Infrastructure Fund,"EQUITY, SECTORAL-INFRASTRUCTURE",883 ,₹37074,29.96,0.99%,11+ yrs,34,EQUITY,SECTORAL-INFRASTRUCTURE,-2.4966666666666666,7.49,14.98,
Franklin India Smaller Companies Fund,"EQUITY, SMALL, CAP",14460 ,₹36861,29.81,0.89%,11+ yrs,37,EQUITY,SMALL,2.4841666666666664,7.4525,14.905,
Mahindra Manulife Mid Cap Fund,"EQUITY, MID, CAP",3442 ,₹36715,29.71,0.44%,6+ yrs,38,EQUITY,MID,2.4758333333333336,7.4275,14.855,
HDFC Mid-Cap Opportunities Fund,"EQUITY, MID, CAP",77683 ,₹36554,29.59,0.72%,11+ yrs,39,EQUITY,MID,-2.4658333333333333,-7.3975,14.795,
ICICI Prudential Constant Maturity Gilt Fund,"['DEBT', 'GILT WITH 10 YEAR CONSTANT DURATION']","₹2,404 Crs",7.1 Lakh,6.66,0.23%,10+yrs,521,DEBT,GILT WITH 10 YEAR CONSTANT DURATION,-0.555,1.665,3.33,
Aditya Birla Sun Life Digital India Fund,"EQUITY, SECTORAL-TECHNOLOGY",5261 ,₹36903,29.84,0.75%,11+ yrs,36,EQUITY,SECTORAL-TECHNOLOGY,-2.486666666666667,7.46,14.92,
Kotak Credit Risk Fund,"['DEBT', 'CREDIT RISK']",₹767 Crs,7.1 Lakh,6.65,0.79%,11+yrs,522,DEBT,CREDIT RISK,0.5541666666666667,1.6625,3.325,
Bandhan Credit Risk Fund,"['DEBT', 'CREDIT RISK']",₹323 Crs,7.1 Lakh,6.65,0.68%,7+yrs,523,DEBT,CREDIT RISK,0.5541666666666667,1.6625,3.325,
ICICI Prudential Ultra Short Term Fund,"['DEBT', 'ULTRA SHORT DURATION']","₹13,757 Crs",7.1 Lakh,6.64,0.39%,11+yrs,524,DEBT,ULTRA SHORT DURATION,0.5533333333333333,1.66,3.32,
HSBC Dynamic Bond Fund,"['DEBT', 'DYNAMIC BOND']",₹159 Crs,7.09 Lakh,6.64,0.2%,11+yrs,525,DEBT,DYNAMIC BOND,-0.5533333333333333,1.66,3.32,
Tata Money Market Fund,"['DEBT', 'MONEY MARKET']","₹24,636 Crs",7.09 Lakh,6.63,0.15%,11+yrs,526,DEBT,MONEY MARKET,0.5525,1.6575,3.315,
Motilal Oswal Nifty Smallcap 250 Index Fund,"EQUITY, SMALL, CAP, INDEX",829 ,₹36488,29.55,0.36%,5+ yrs,40,EQUITY,SMALL,-2.4625,7.3875,14.775,
ICICI Prudential India Opportunities Fund,"EQUITY, THEMATIC",24793 ,₹36419,29.5,0.58%,5+ yrs,41,EQUITY,THEMATIC,2.458333333333333,-7.375,14.75,
Nippon India Pharma Fund,"EQUITY, SECTORAL-PHARMA",8769 ,₹36354,29.45,0.91%,11+ yrs,42,EQUITY,SECTORAL-PHARMA,2.4541666666666666,7.3625,14.725,
HDFC Small Cap Fund,"EQUITY, SMALL, CAP",33963 ,₹36301,29.41,0.68%,11+ yrs,43,EQUITY,SMALL,-2.450833333333333,7.3525,14.705,
Tata India Pharma & HealthCare Fund,"EQUITY, SECTORAL-PHARMA",1208 ,₹36297,29.41,0.7%,8+ yrs,44,EQUITY,SECTORAL-PHARMA,-2.450833333333333,7.3525,14.705,
Franklin India Technology Fund,"EQUITY, SECTORAL-TECHNOLOGY",1904 ,₹36245,29.37,1.06%,11+ yrs,45,EQUITY,SECTORAL-TECHNOLOGY,2.4475,-7.3425,14.685,
Quant Active Fund,"EQUITY, MULTI, CAP",11229 ,₹36177,29.33,0.58%,11+ yrs,46,EQUITY,MULTI,-2.4441666666666664,-7.3325,14.665,
DSP India T.I.G.E.R. Fund,"EQUITY, SECTORAL-INFRASTRUCTURE",5646 ,₹36124,29.29,0.84%,11+ yrs,47,EQUITY,SECTORAL-INFRASTRUCTURE,-2.4408333333333334,7.3225,14.645,
Kotak Infrastructure and Economic Reform Fund,"EQUITY, SECTORAL-INFRASTRUCTURE",2524 ,₹35893,29.12,0.61%,11+ yrs,49,EQUITY,SECTORAL-INFRASTRUCTURE,2.4266666666666667,7.28,14.56,
UTI Healthcare Fund,"EQUITY, SECTORAL-PHARMA",1201 ,₹35848,29.09,1.27%,11+ yrs,50,EQUITY,SECTORAL-PHARMA,2.424166666666667,7.2725,14.545,
SBI Technology Opportunities Fund,"EQUITY, SECTORAL-TECHNOLOGY",4435 ,₹35639,28.94,0.84%,11+ yrs,51,EQUITY,SECTORAL-TECHNOLOGY,2.411666666666666,7.235,14.47,
Kotak Emerging Equity Fund,"EQUITY, MID, CAP",52627 ,₹35636,28.94,0.36%,11+ yrs,52,EQUITY,MID,2.411666666666666,-7.235,14.47,
SBI Magnum Midcap Fund,"EQUITY, MID, CAP",22338 ,₹35447,28.8,0.77%,11+ yrs,53,EQUITY,MID,-2.4,7.2,14.4,
Quant Multi Asset Fund,"HYBRID, MULTI, ASSET, ALLOCATION",2984 ,₹35396,28.76,0.62%,11+ yrs,55,HYBRID,MULTI,-2.396666666666667,7.19,14.38,
Invesco India PSU Equity Fund,"EQUITY, THEMATIC-PSU",1436 ,₹35315,28.7,0.76%,11+ yrs,57,EQUITY,THEMATIC-PSU,-2.3916666666666666,7.175,14.35,
Tata Small Cap Fund,"EQUITY, SMALL, CAP",9319 ,₹44999,35.1,0.29%,6+ yrs,6,EQUITY,SMALL,-2.9250000000000003,8.775,17.55,
Baroda BNP Paribas Midcap Fund,"EQUITY, MID, CAP",2247 ,₹33859,27.62,0.53%,11+ yrs,66,EQUITY,MID,-2.3016666666666667,6.905,13.81,
Quant Large and Mid Cap Fund,"EQUITY, LARGE, &, MIDCAP",3828 ,₹33614,27.44,0.61%,11+ yrs,67,EQUITY,LARGE,2.286666666666666,6.86,13.72,
ICICI Prudential Value Discovery Fund,"EQUITY, VALUE, ORIENTED",51198 ,₹33404,27.28,0.99%,11+ yrs,70,EQUITY,VALUE,2.273333333333333,6.82,13.64,
Bank of India Mid & Small Cap Equity & Debt Fund,"HYBRID, AGGRESSIVE, HYBRID",1000 ,₹32825,26.84,0.95%,8+ yrs,75,HYBRID,AGGRESSIVE,-2.236666666666667,6.71,13.42,
JM Aggressive Hybrid Fund,"HYBRID, AGGRESSIVE, HYBRID",643 ,₹32623,26.68,0.53%,11+ yrs,76,HYBRID,AGGRESSIVE,2.223333333333333,6.67,13.34,
Aditya Birla Sun Life Pharma & Healthcare Fund,"EQUITY, SECTORAL-PHARMA",888 ,₹32332,26.45,0.92%,5+ yrs,78,EQUITY,SECTORAL-PHARMA,2.2041666666666666,-6.6125,13.225,
UTI Mid Cap Fund,"EQUITY, MID, CAP",12708 ,₹32185,26.34,0.89%,11+ yrs,80,EQUITY,MID,-2.195,6.585,13.17,
Templeton India Value Fund,"EQUITY, VALUE, ORIENTED",2305 ,₹31883,26.1,0.84%,11+ yrs,84,EQUITY,VALUE,2.1750000000000003,6.525,13.05,
HSBC Value Fund,"EQUITY, VALUE, ORIENTED",14123 ,₹31689,25.94,0.77%,11+ yrs,85,EQUITY,VALUE,2.161666666666666,6.485,12.97,
ICICI Prudential Infrastructure Fund,"EQUITY, SECTORAL-INFRASTRUCTURE",6424 ,₹39612,31.69,1.24%,11+ yrs,17,EQUITY,SECTORAL-INFRASTRUCTURE,2.6408333333333336,7.9225,15.845,
Edelweiss Mid Cap Fund,"EQUITY, MID, CAP",7755 ,₹39310,31.49,0.36%,11+ yrs,18,EQUITY,MID,2.6241666666666665,7.8725,15.745,
HSBC Small Cap Fund,"EQUITY, SMALL, CAP",17306 ,₹39218,31.43,0.67%,10+ yrs,19,EQUITY,SMALL,-2.619166666666666,7.8575,15.715,
Invesco India Mid Cap Fund,"EQUITY, MID, CAP",5904 ,₹35428,28.79,0.58%,11+ yrs,54,EQUITY,MID,2.3991666666666664,7.1975,14.395,
Franklin India Opportunities Fund,"EQUITY, THEMATIC",5610 ,₹35270,28.67,0.5%,11+ yrs,58,EQUITY,THEMATIC,2.3891666666666667,7.1675,14.335,
ICICI Prudential BHARAT 22 FOF Scheme,"EQUITY, EQUITY, FOF",2183 ,₹30863,25.28,0.12%,6+ yrs,101,EQUITY,EQUITY,2.106666666666667,6.32,12.64,
Bandhan Sterling Value Fund,"EQUITY, VALUE, ORIENTED",10601 ,₹33526,27.37,0.67%,11+ yrs,69,EQUITY,VALUE,2.2808333333333333,6.8425,13.685,
Templeton India Equity Income Fund,"EQUITY, DIVIDEND, YIELD",2554 ,₹32191,26.34,1.2%,11+ yrs,79,EQUITY,DIVIDEND,2.195,6.585,13.17,
ICICI Prudential Focused Equity Fund,"EQUITY, FOCUSED",10201 ,₹32027,26.21,0.55%,11+ yrs,83,EQUITY,FOCUSED,2.1841666666666666,6.5525,13.105,
Invesco India Infrastructure Fund,"EQUITY, SECTORAL-INFRASTRUCTURE",1666 ,₹39183,31.41,0.7%,11+ yrs,20,EQUITY,SECTORAL-INFRASTRUCTURE,2.6175,7.8525,15.705,
ICICI Prudential Technology Fund,"EQUITY, SECTORAL-TECHNOLOGY",14173 ,₹39121,31.37,0.94%,11+ yrs,21,EQUITY,SECTORAL-TECHNOLOGY,-2.6141666666666667,7.8425,15.685,
Mirae Asset Healthcare Fund,"EQUITY, SECTORAL-PHARMA",2794 ,₹39062,31.33,0.48%,6+ yrs,22,EQUITY,SECTORAL-PHARMA,2.6108333333333333,7.8325,15.665,
SBI Contra Fund,"EQUITY, CONTRA",41327 ,₹38792,31.14,0.58%,11+ yrs,23,EQUITY,CONTRA,-2.595,7.785,15.57,
ICICI Prudential Manufacturing Fund,"EQUITY, THEMATIC",7042 ,₹34175,27.86,0.67%,6+ yrs,65,EQUITY,THEMATIC,2.3216666666666668,6.965,13.93,
Tata Resources & Energy Fund,"EQUITY, THEMATIC-ENERGY",1063 ,₹31673,25.93,0.57%,8+ yrs,86,EQUITY,THEMATIC-ENERGY,2.160833333333333,6.4825,12.965,
Sundaram Mid Cap Fund,"EQUITY, MID, CAP",13129 ,₹31657,25.92,0.87%,11+ yrs,87,EQUITY,MID,2.16,6.48,12.96,
Nippon India Multi Cap Fund,"EQUITY, MULTI, CAP",39622 ,₹31569,25.85,0.73%,11+ yrs,89,EQUITY,MULTI,-2.154166666666667,6.4625,12.925,
UTI Transportation and Logistics Fund,"EQUITY, THEMATIC",3924 ,₹28491,23.29,0.85%,11+ yrs,133,EQUITY,THEMATIC,1.9408333333333327,5.8225,11.645,
Aditya Birla Sun Life Pure Value Fund,"EQUITY, VALUE, ORIENTED",6779 ,₹28455,23.26,1.0%,11+ yrs,134,EQUITY,VALUE,1.9383333333333332,5.815,11.63,
ICICI Prudential Multicap Fund,"EQUITY, MULTI, CAP",14691 ,₹28135,22.98,0.93%,11+ yrs,137,EQUITY,MULTI,1.915,5.745,11.49,
360 ONE Focused Equity Fund,"EQUITY, FOCUSED",8177 ,₹28092,22.95,0.87%,10+ yrs,138,EQUITY,FOCUSED,1.9125,5.7375,11.475,
UTI Value Fund,"EQUITY, VALUE, ORIENTED",10757 ,₹27951,22.82,1.13%,11+ yrs,139,EQUITY,VALUE,1.9016666666666664,5.705,11.41,
SBI Large & Midcap Fund,"EQUITY, LARGE, &, MIDCAP",29234 ,₹27940,22.81,0.7%,11+ yrs,140,EQUITY,LARGE,1.9008333333333327,5.7025,11.405,
Nippon India Quant Fund,"EQUITY, QUANT",86 ,₹27932,22.81,0.41%,11+ yrs,141,EQUITY,QUANT,1.9008333333333327,5.7025,11.405,
HSBC Large and Mid Cap Fund,"EQUITY, LARGE, &, MIDCAP",3718 ,₹27895,22.77,0.89%,5+ yrs,142,EQUITY,LARGE,1.8975,5.6925,11.385,
JM Value Fund,"EQUITY, VALUE, ORIENTED",1085 ,₹31552,25.84,0.83%,11+ yrs,90,EQUITY,VALUE,2.1533333333333333,6.46,12.92,
ICICI Prudential Midcap Fund,"EQUITY, MID, CAP",6778 ,₹31466,25.77,1.04%,11+ yrs,91,EQUITY,MID,-2.1475,-6.4425,12.885,
ICICI Prudential Retirement Fund - Pure Equity Plan,"EQUITY, RETIREMENT, SOLUTIONS",1035 ,₹31442,25.75,0.73%,5+ yrs,92,EQUITY,RETIREMENT,2.145833333333333,6.4375,12.875,
Nippon India Value Fund,"EQUITY, VALUE, ORIENTED",8962 ,₹31159,25.52,1.14%,11+ yrs,95,EQUITY,VALUE,2.1266666666666665,6.38,12.76,
HSBC Midcap Fund,"EQUITY, MID, CAP",12280 ,₹31105,25.48,0.66%,11+ yrs,96,EQUITY,MID,2.123333333333333,-6.37,12.74,
Edelweiss Flexi Cap Fund,"EQUITY, FLEXI, CAP",2439 ,₹27851,22.74,0.45%,9+ yrs,144,EQUITY,FLEXI,-1.895,5.685,11.37,
PGIM India Flexi Cap Fund,"EQUITY, FLEXI, CAP",6704 ,₹27652,22.56,0.42%,9+ yrs,145,EQUITY,FLEXI,1.88,5.64,11.28,
Edelweiss Recently Listed IPO Fund,"EQUITY, THEMATIC",990 ,₹27651,22.56,0.99%,6+ yrs,146,EQUITY,THEMATIC,-1.88,5.64,11.28,
DSP Equity Opportunities Fund,"EQUITY, LARGE, &, MIDCAP",14486 ,₹27626,22.54,0.71%,11+ yrs,147,EQUITY,LARGE,-1.8783333333333327,5.635,11.27,
Canara Robeco Emerging Equities Fund,"EQUITY, LARGE, &, MIDCAP",25507 ,₹27549,22.47,0.56%,11+ yrs,149,EQUITY,LARGE,-1.8725,5.6175,11.235,
Union Value Fund,"EQUITY, VALUE, ORIENTED",298 ,₹27453,22.38,1.34%,5+ yrs,151,EQUITY,VALUE,1.865,5.595,11.19,
Mirae Asset Great Consumer Fund,"EQUITY, THEMATIC-CONSUMPTION",4496 ,₹27447,22.38,0.42%,11+ yrs,152,EQUITY,THEMATIC-CONSUMPTION,-1.865,5.595,11.19,
Nippon India Vision Fund,"EQUITY, LARGE, &, MIDCAP",5619 ,₹27283,22.23,1.48%,11+ yrs,157,EQUITY,LARGE,-1.8525,5.5575,11.115,
Baroda BNP Paribas India Consumption Fund,"EQUITY, THEMATIC-CONSUMPTION",1575 ,₹27248,22.2,0.61%,6+ yrs,160,EQUITY,THEMATIC-CONSUMPTION,-1.85,5.55,11.1,
DSP Small Cap Fund,"EQUITY, SMALL, CAP",16705 ,₹38559,30.99,0.84%,11+ yrs,24,EQUITY,SMALL,2.5825,7.7475,15.495,
Parag Parikh Flexi Cap Fund,"EQUITY, FLEXI, CAP",82441 ,₹31641,25.91,0.63%,11+ yrs,88,EQUITY,FLEXI,-2.1591666666666667,-6.4775,12.955,
Edelweiss Large & Mid Cap Fund,"EQUITY, LARGE, &, MIDCAP",3781 ,₹28515,23.31,0.45%,11+ yrs,132,EQUITY,LARGE,1.9425,5.8275,11.655,
Mirae Asset Large & Midcap Fund,"EQUITY, LARGE, &, MIDCAP",40670 ,₹27560,22.48,0.58%,11+ yrs,148,EQUITY,LARGE,1.8733333333333333,5.62,11.24,
UTI Dividend Yield Fund,"EQUITY, DIVIDEND, YIELD",4485 ,₹27514,22.44,1.4%,11+ yrs,150,EQUITY,DIVIDEND,1.87,5.61,11.22,
HDFC Capital Builder Value Fund,"EQUITY, VALUE, ORIENTED",7883 ,₹27212,22.17,0.97%,11+ yrs,162,EQUITY,VALUE,1.8475,5.5425,11.085,
HDFC Housing Opportunities Fund,"EQUITY, THEMATIC",1556 ,₹25970,21.03,1.2%,6+ yrs,182,EQUITY,THEMATIC,-1.7525000000000002,5.2575,10.515,
Tata Large & Mid Cap Fund,"EQUITY, LARGE, &, MIDCAP",8677 ,₹25844,20.91,0.67%,11+ yrs,185,EQUITY,LARGE,1.7425,5.2275,10.455,
Union Flexi Cap Fund,"EQUITY, FLEXI, CAP",2355 ,₹25683,20.76,0.87%,11+ yrs,187,EQUITY,FLEXI,-1.7300000000000002,5.19,10.38,
Edelweiss Aggressive Hybrid Fund,"HYBRID, AGGRESSIVE, HYBRID",2198 ,₹25489,20.58,0.41%,11+ yrs,188,HYBRID,AGGRESSIVE,-1.715,5.145,10.29,
ICICI Prudential Bluechip Fund,"EQUITY, LARGE, CAP",66207 ,₹25391,20.49,0.86%,11+ yrs,189,EQUITY,LARGE,1.7074999999999998,5.1225,10.245,
Sundaram Focused Fund,"EQUITY, FOCUSED",1173 ,₹25329,20.43,1.21%,11+ yrs,190,EQUITY,FOCUSED,-1.7025,5.1075,10.215,
ICICI Prudential Retirement Fund - Hybrid Aggressive Plan,"HYBRID, RETIREMENT, SOLUTIONS",685 ,₹25324,20.42,0.83%,5+ yrs,191,HYBRID,RETIREMENT,1.7016666666666669,5.105,10.21,
Aditya Birla Sun Life India GenNext Fund,"EQUITY, THEMATIC-CONSUMPTION",6304 ,₹25307,20.41,0.72%,11+ yrs,192,EQUITY,THEMATIC-CONSUMPTION,-1.7008333333333334,-5.1025,10.205,
Nippon India Nifty Next 50 Junior BeES FoF,"EQUITY, EQUITY, FOF",525 ,₹25214,20.32,0.11%,5+ yrs,195,EQUITY,EQUITY,1.6933333333333334,5.08,10.16,
UTI Nifty Next 50 Index Fund,"EQUITY, LARGE, CAP, INDEX",4974 ,₹25130,20.24,0.36%,6+ yrs,197,EQUITY,LARGE,-1.6866666666666663,5.06,10.12,
Canara Robeco Flexi Cap Fund,"EQUITY, FLEXI, CAP",13713 ,₹25099,20.21,0.55%,11+ yrs,198,EQUITY,FLEXI,1.6841666666666668,5.0525,10.105,
JM Flexicap Fund,"EQUITY, FLEXI, CAP",4531 ,₹31017,25.41,0.42%,11+ yrs,98,EQUITY,FLEXI,2.1175,6.3525,12.705,
Quant Absolute Fund,"HYBRID, AGGRESSIVE, HYBRID",2352 ,₹31017,25.41,0.7%,11+ yrs,99,HYBRID,AGGRESSIVE,2.1175,6.3525,12.705,
UTI Large & Mid Cap Fund,"EQUITY, LARGE, &, MIDCAP",4086 ,₹30552,25.03,1.11%,11+ yrs,103,EQUITY,LARGE,-2.085833333333333,6.2575,12.515,
ICICI Prudential Large & Mid Cap Fund,"EQUITY, LARGE, &, MIDCAP",17464 ,₹30401,24.9,0.8%,11+ yrs,104,EQUITY,LARGE,-2.075,6.225,12.45,
Nippon India Consumption Fund,"EQUITY, THEMATIC-CONSUMPTION",2023 ,₹30336,24.85,0.68%,11+ yrs,106,EQUITY,THEMATIC-CONSUMPTION,2.0708333333333333,-6.2125,12.425,
HDFC Large and Mid Cap Fund,"EQUITY, LARGE, &, MIDCAP",24508 ,₹30307,24.83,0.84%,11+ yrs,107,EQUITY,LARGE,-2.0691666666666664,-6.2075,12.415,
Sundaram Infrastructure Advantage Fund,"EQUITY, SECTORAL-INFRASTRUCTURE",1067 ,₹30283,24.81,1.73%,11+ yrs,108,EQUITY,SECTORAL-INFRASTRUCTURE,2.0675,6.2025,12.405,
UTI Aggressive Hybrid Fund,"HYBRID, AGGRESSIVE, HYBRID",6330 ,₹25011,20.12,1.24%,11+ yrs,201,HYBRID,AGGRESSIVE,-1.6766666666666667,5.03,10.06,
Kotak Equity Hybrid Fund,"HYBRID, AGGRESSIVE, HYBRID",6715 ,₹25011,20.12,0.45%,9+ yrs,202,HYBRID,AGGRESSIVE,1.6766666666666667,5.03,10.06,
Kotak Bluechip Fund,"EQUITY, LARGE, CAP",9806 ,₹24056,19.19,0.6%,11+ yrs,230,EQUITY,LARGE,1.5991666666666668,4.7975,9.595,
Sundaram Consumption Fund,"EQUITY, THEMATIC-CONSUMPTION",1724 ,₹23993,19.13,1.28%,11+ yrs,231,EQUITY,THEMATIC-CONSUMPTION,-1.5941666666666665,-4.7825,9.565,
Quantum ESG Best In Class Strategy Fund,"EQUITY, THEMATIC-ESG",95 ,₹23948,19.08,0.85%,5+ yrs,232,EQUITY,THEMATIC-ESG,1.59,4.77,9.54,
Aditya Birla Sun Life Focused Fund,"EQUITY, FOCUSED",8230 ,₹23925,19.06,0.85%,11+ yrs,233,EQUITY,FOCUSED,-1.5883333333333332,4.765,9.53,
HDFC Retirement Savings Fund - Hybrid Equity Plan,"HYBRID, RETIREMENT, SOLUTIONS",1615 ,₹23807,18.94,0.92%,8+ yrs,235,HYBRID,RETIREMENT,-1.5783333333333334,4.735,9.47,
ICICI Prudential Passive Strategy Fund (FOF),"EQUITY, EQUITY, FOF",182 ,₹23654,18.79,0.21%,11+ yrs,237,EQUITY,EQUITY,1.5658333333333332,4.6975,9.395,
HDFC Top 100 Fund,"EQUITY, LARGE, CAP",38684 ,₹23641,18.78,0.99%,11+ yrs,238,EQUITY,LARGE,1.5650000000000002,4.695,9.39,
Mirae Asset Focused Fund,"EQUITY, FOCUSED",8653 ,₹23556,18.69,0.59%,5+ yrs,239,EQUITY,FOCUSED,1.5575,4.6725,9.345,
Baroda BNP Paribas Focused Fund,"EQUITY, FOCUSED",726 ,₹23462,18.6,0.43%,7+ yrs,240,EQUITY,FOCUSED,1.55,4.65,9.3,
Aditya Birla Sun Life Frontline Equity Fund,"EQUITY, LARGE, CAP",31389 ,₹23423,18.56,0.96%,11+ yrs,241,EQUITY,LARGE,-1.5466666666666666,-4.64,9.28,
SBI Focused Equity Fund,"EQUITY, FOCUSED",36367 ,₹23401,18.53,0.73%,11+ yrs,242,EQUITY,FOCUSED,1.544166666666667,4.6325,9.265,
Baroda BNP Paribas Aggressive Hybrid Fund,"HYBRID, AGGRESSIVE, HYBRID",1200 ,₹23397,18.53,0.47%,7+ yrs,243,HYBRID,AGGRESSIVE,-1.544166666666667,-4.6325,9.265,
Invesco India Large & Mid Cap Fund,"EQUITY, LARGE, &, MIDCAP",6493 ,₹26972,21.95,0.64%,11+ yrs,166,EQUITY,LARGE,1.8291666666666664,5.4875,10.975,
DSP Flexi Cap Fund,"EQUITY, FLEXI, CAP",12416 ,₹25275,20.38,0.71%,11+ yrs,194,EQUITY,FLEXI,-1.6983333333333333,-5.095,10.19,
Motilal Oswal Flexi Cap Fund,"EQUITY, FLEXI, CAP",12564 ,₹23318,18.45,0.86%,10+ yrs,244,EQUITY,FLEXI,1.5375,4.6125,9.225,
Aditya Birla Sun Life Financial Planning FOF Aggressive Plan,"HYBRID, HYBRID, FOF",228 ,₹23270,18.4,0.38%,11+ yrs,245,HYBRID,HYBRID,1.5333333333333332,4.6,9.2,
Navi Flexi Cap Fund,"EQUITY, FLEXI, CAP",281 ,₹23078,18.21,0.42%,6+ yrs,247,EQUITY,FLEXI,1.5175,4.5525,9.105,
Sundaram Financial Services Opportunities Fund,"EQUITY, SECTORAL-BANKING",1498 ,₹23001,18.13,0.74%,11+ yrs,248,EQUITY,SECTORAL-BANKING,-1.5108333333333333,-4.5325,9.065,
Kotak Flexicap Fund,"EQUITY, FLEXI, CAP",53844 ,₹22943,18.07,0.59%,11+ yrs,249,EQUITY,FLEXI,-1.5058333333333334,4.5175,9.035,
Nippon India Retirement Fund - Wealth Creation Scheme,"EQUITY, RETIREMENT, SOLUTIONS",3501 ,₹22811,17.93,0.94%,9+ yrs,250,EQUITY,RETIREMENT,1.4941666666666666,4.4825,8.965,
Quantum Equity FoF Scheme,"EQUITY, EQUITY, FOF",136 ,₹22800,17.92,0.51%,15+ yrs,252,EQUITY,EQUITY,-1.4933333333333334,4.48,8.96,
Aditya Birla Sun Life Dividend Yield Fund,"EQUITY, DIVIDEND, YIELD",1625 ,₹30110,24.66,1.37%,11+ yrs,110,EQUITY,DIVIDEND,2.055,-6.165,12.33,
HSBC Large Cap Fund,"EQUITY, LARGE, CAP",2039 ,₹22760,17.88,1.18%,11+ yrs,253,EQUITY,LARGE,1.49,4.47,8.94,
Tata Large Cap Fund,"EQUITY, LARGE, CAP",2531 ,₹22743,17.86,1.03%,11+ yrs,254,EQUITY,LARGE,1.4883333333333333,4.465,8.93,
SBI Bluechip Fund,"EQUITY, LARGE, CAP",53276 ,₹22708,17.82,0.79%,11+ yrs,256,EQUITY,LARGE,1.485,-4.455,8.91,
Franklin India Equity Hybrid Fund,"HYBRID, AGGRESSIVE, HYBRID",2066 ,₹22593,17.71,1.01%,11+ yrs,257,HYBRID,AGGRESSIVE,1.475833333333333,4.4275,8.855,
Bandhan Hybrid Equity Fund,"HYBRID, AGGRESSIVE, HYBRID",818 ,₹22586,17.7,1.01%,7+ yrs,258,HYBRID,AGGRESSIVE,1.475,4.425,8.85,
Baroda BNP Paribas Balanced Advantage Fund,"HYBRID, DYNAMIC, ASSET, ALLOCATION",4187 ,₹22523,17.63,0.72%,6+ yrs,259,HYBRID,DYNAMIC,1.4691666666666665,-4.4075,8.815,
Tata Retirement Savings Progressive Plan,"EQUITY, RETIREMENT, SOLUTIONS",2182 ,₹22486,17.59,0.53%,11+ yrs,261,EQUITY,RETIREMENT,1.465833333333333,4.3975,8.795,
Invesco India Financial Services Fund,"EQUITY, SECTORAL-BANKING",1043 ,₹22425,17.53,0.93%,11+ yrs,263,EQUITY,SECTORAL-BANKING,1.4608333333333334,4.3825,8.765,
DSP Focus Fund,"EQUITY, FOCUSED",2704 ,₹22400,17.5,0.98%,11+ yrs,264,EQUITY,FOCUSED,1.4583333333333333,4.375,8.75,
UTI Large Cap Fund,"EQUITY, LARGE, CAP",13987 ,₹22373,17.48,0.92%,11+ yrs,266,EQUITY,LARGE,1.4566666666666668,4.37,8.74,
Aditya Birla Sun Life Asset Allocator FoF,"HYBRID, HYBRID, FOF",187 ,₹22347,17.45,0.45%,11+ yrs,267,HYBRID,HYBRID,1.4541666666666666,4.3625,8.725,
DSP Equity & Bond Fund,"HYBRID, AGGRESSIVE, HYBRID",10610 ,₹22275,17.37,0.73%,11+ yrs,268,HYBRID,AGGRESSIVE,-1.4475,4.3425,8.685,
Aditya Birla Sun Life Equity Advantage Fund,"EQUITY, LARGE, &, MIDCAP",6380 ,₹22249,17.34,1.02%,11+ yrs,269,EQUITY,LARGE,1.445,4.335,8.67,
Tata Flexi Cap Fund,"EQUITY, FLEXI, CAP",3140 ,₹22244,17.34,0.65%,6+ yrs,270,EQUITY,FLEXI,-1.445,4.335,8.67,
Nippon India Banking & Financial Services Fund,"EQUITY, SECTORAL-BANKING",6389 ,₹22144,17.23,1.07%,11+ yrs,273,EQUITY,SECTORAL-BANKING,1.4358333333333333,-4.3075,8.615,
UTI India Consumer Fund,"EQUITY, THEMATIC-CONSUMPTION",777 ,₹22104,17.19,1.55%,11+ yrs,274,EQUITY,THEMATIC-CONSUMPTION,1.4325,4.2975,8.595,
ICICI Prudential US Bluechip Equity Fund,"EQUITY, INTERNATIONAL",3336 ,₹22063,17.15,1.15%,11+ yrs,275,EQUITY,INTERNATIONAL,1.4291666666666665,4.2875,8.575,
HDFC Multi Asset Fund,"HYBRID, MULTI, ASSET, ALLOCATION",3702 ,₹21969,17.05,0.76%,11+ yrs,276,HYBRID,MULTI,1.4208333333333334,4.2625,8.525,
SBI ESG Exclusionary Strategy Fund,"EQUITY, THEMATIC-ESG",6112 ,₹21956,17.03,1.29%,11+ yrs,277,EQUITY,THEMATIC-ESG,1.419166666666667,-4.2575,8.515,
Axis Nifty 100 Index Fund,"EQUITY, LARGE, CAP, INDEX",1751 ,₹21926,17.0,0.21%,5+ yrs,279,EQUITY,LARGE,1.4166666666666667,-4.25,8.5,
DSP US Flexible Equity Fund of Fund,"EQUITY, INTERNATIONAL",872 ,₹21875,16.95,1.49%,11+ yrs,280,EQUITY,INTERNATIONAL,1.4125,-4.2375,8.475,
UTI Multi Asset Allocation Fund,"HYBRID, MULTI, ASSET, ALLOCATION",4060 ,₹21824,16.89,0.67%,11+ yrs,281,HYBRID,MULTI,-1.4075,4.2225,8.445,
Invesco India Aggressive Hybrid Fund,"HYBRID, AGGRESSIVE, HYBRID",545 ,₹21772,16.84,0.84%,6+ yrs,282,HYBRID,AGGRESSIVE,-1.403333333333333,4.21,8.42,
Bandhan Flexi Cap Fund,"EQUITY, FLEXI, CAP",7918 ,₹21753,16.82,1.14%,11+ yrs,285,EQUITY,FLEXI,-1.4016666666666666,4.205,8.41,
Edelweiss Balanced Advantage Fund,"HYBRID, DYNAMIC, ASSET, ALLOCATION",12690 ,₹21743,16.81,0.46%,11+ yrs,286,HYBRID,DYNAMIC,1.4008333333333332,4.2025,8.405,
Bandhan Nifty 50 Index Fund,"EQUITY, LARGE, CAP, INDEX",1629 ,₹21708,16.77,0.1%,11+ yrs,287,EQUITY,LARGE,1.3975,4.1925,8.385,
Sundaram Aggressive Hybrid Fund,"HYBRID, AGGRESSIVE, HYBRID",5506 ,₹21699,16.76,0.68%,11+ yrs,288,HYBRID,AGGRESSIVE,1.3966666666666667,4.19,8.38,
Franklin India Bluechip Fund,"EQUITY, LARGE, CAP",8375 ,₹22801,17.92,1.07%,11+ yrs,251,EQUITY,LARGE,-1.4933333333333334,-4.48,8.96,
SBI Flexicap Fund,"EQUITY, FLEXI, CAP",23489 ,₹22220,17.31,0.81%,11+ yrs,272,EQUITY,FLEXI,-1.4425,-4.3275,8.655,
Axis Flexi Cap Fund,"EQUITY, FLEXI, CAP",13464 ,₹21757,16.82,0.69%,6+ yrs,284,EQUITY,FLEXI,1.4016666666666666,4.205,8.41,
HDFC Hybrid Equity Fund,"HYBRID, AGGRESSIVE, HYBRID",24796 ,₹21689,16.75,1.02%,11+ yrs,289,HYBRID,AGGRESSIVE,1.3958333333333333,4.1875,8.375,
DSP Top 100 Equity Fund,"EQUITY, LARGE, CAP",4613 ,₹21666,16.72,1.08%,11+ yrs,290,EQUITY,LARGE,-1.393333333333333,4.18,8.36,
Union Largecap Fund,"EQUITY, LARGE, CAP",435 ,₹21664,16.72,1.58%,7+ yrs,291,EQUITY,LARGE,1.393333333333333,4.18,8.36,
HDFC Dynamic PE Ratio Fund of Funds Scheme,"HYBRID, HYBRID, FOF",49 ,₹21613,16.67,0.23%,11+ yrs,292,HYBRID,HYBRID,-1.3891666666666669,4.1675,8.335,
UTI Nifty 50 Index Fund,"EQUITY, LARGE, CAP, INDEX",20432 ,₹21539,16.59,0.19%,11+ yrs,293,EQUITY,LARGE,1.3825,4.1475,8.295,
Tata Retirement Savings Moderate Fund,"HYBRID, RETIREMENT, SOLUTIONS",2233 ,₹21527,16.57,0.59%,11+ yrs,294,HYBRID,RETIREMENT,1.3808333333333334,4.1425,8.285,
Nippon India Index Nifty 50,"EQUITY, LARGE, CAP, INDEX",2030 ,₹21482,16.52,0.2%,11+ yrs,296,EQUITY,LARGE,1.3766666666666667,4.13,8.26,
HDFC Index Fund Nifty 50 Plan,"EQUITY, LARGE, CAP, INDEX",18915 ,₹21460,16.5,0.2%,11+ yrs,298,EQUITY,LARGE,-1.375,4.125,8.25,
Aditya Birla Sun Life Small Cap Fund,"EQUITY, SMALL, CAP",5430 ,₹30094,24.65,0.9%,11+ yrs,111,EQUITY,SMALL,-2.0541666666666667,-6.1625,12.325,
Invesco India Multicap Fund,"EQUITY, MULTI, CAP",3962 ,₹29438,24.1,0.66%,11+ yrs,122,EQUITY,MULTI,-2.0083333333333333,6.025,12.05,
ICICI Prudential MNC Fund,"EQUITY, THEMATIC-MNC",1885 ,₹29356,24.03,0.98%,5+ yrs,123,EQUITY,THEMATIC-MNC,-2.0025,6.0075,12.015,
Quant Focused Fund,"EQUITY, FOCUSED",1183 ,₹29322,24.0,0.66%,11+ yrs,124,EQUITY,FOCUSED,2.0,6.0,12.0,
Kotak India EQ Contra Fund,"EQUITY, CONTRA",4047 ,₹29296,23.98,0.55%,11+ yrs,125,EQUITY,CONTRA,1.9983333333333333,5.995,11.99,
Franklin India Flexi Cap Fund,"EQUITY, FLEXI, CAP",18252 ,₹29087,23.81,0.92%,11+ yrs,127,EQUITY,FLEXI,1.9841666666666664,-5.9525,11.905,
Nippon India Index BSE Sensex,"EQUITY, LARGE, CAP, INDEX",757 ,₹21053,16.05,0.2%,11+ yrs,310,EQUITY,LARGE,-1.3375,4.0125,8.025,
Motilal Oswal Focused Fund,"EQUITY, FOCUSED",2130 ,₹20977,15.97,0.9%,11+ yrs,311,EQUITY,FOCUSED,-1.330833333333333,3.9925,7.985,
HDFC Index Fund - BSE Sensex Plan,"EQUITY, LARGE, CAP, INDEX",7946 ,₹20957,15.95,0.2%,11+ yrs,312,EQUITY,LARGE,1.3291666666666666,3.9875,7.975,
LIC MF Flexi Cap Fund,"EQUITY, FLEXI, CAP",1135 ,₹20942,15.93,1.38%,11+ yrs,313,EQUITY,FLEXI,1.3275,3.9825,7.965,
Sundaram Balanced Advantage Fund,"HYBRID, DYNAMIC, ASSET, ALLOCATION",1591 ,₹20842,15.82,0.56%,11+ yrs,316,HYBRID,DYNAMIC,1.3183333333333334,3.955,7.91,
SBI Magnum Global Fund,"EQUITY, THEMATIC-MNC",6879 ,₹20832,15.81,1.18%,11+ yrs,317,EQUITY,THEMATIC-MNC,1.3175,3.9525,7.905,
ICICI Prudential Asset Allocator Fund (FOF),"HYBRID, HYBRID, FOF",23263 ,₹20695,15.66,0.08%,11+ yrs,320,HYBRID,HYBRID,1.305,3.915,7.83,
Aditya Birla Sun Life Retirement Fund - The 30s Plan,"EQUITY, RETIREMENT, SOLUTIONS",423 ,₹20543,15.49,1.04%,5+ yrs,321,EQUITY,RETIREMENT,-1.2908333333333333,3.8725,7.745,
Invesco India - Invesco Global Equity Income FoF,"EQUITY, INTERNATIONAL",25 ,₹20538,15.48,0.86%,10+ yrs,322,EQUITY,INTERNATIONAL,-1.29,3.87,7.74,
UTI MNC Fund,"EQUITY, THEMATIC-MNC",3249 ,₹20410,15.34,1.17%,11+ yrs,323,EQUITY,THEMATIC-MNC,1.278333333333333,3.835,7.67,
LIC MF Large Cap Fund,"EQUITY, LARGE, CAP",1588 ,₹20344,15.26,0.99%,11+ yrs,324,EQUITY,LARGE,-1.2716666666666667,-3.815,7.63,
SBI Multi Asset Allocation Fund,"HYBRID, MULTI, ASSET, ALLOCATION",6258 ,₹20317,15.23,0.51%,11+ yrs,325,HYBRID,MULTI,-1.2691666666666668,3.8075,7.615,
PGIM India Large Cap Fund,"EQUITY, LARGE, CAP",633 ,₹20298,15.21,0.85%,11+ yrs,326,EQUITY,LARGE,1.2675,-3.8025,7.605,
Tata Nifty 50 Index Fund,"EQUITY, LARGE, CAP, INDEX",942 ,₹21463,16.5,0.2%,11+ yrs,297,EQUITY,LARGE,-1.375,4.125,8.25,
"""Aditya Birla Sun Life Equity Hybrid 95 Fund""","HYBRID, AGGRESSIVE, HYBRID",8099 ,₹20248,15.15,1.06%,11+ yrs,330,HYBRID,AGGRESSIVE,1.2625,-3.7875,7.575,
Navi Aggressive Hybrid Fund,"HYBRID, AGGRESSIVE, HYBRID",113 ,₹20126,15.01,0.42%,6+ yrs,331,HYBRID,AGGRESSIVE,1.2508333333333332,3.7525,7.505,
SBI Equity Hybrid Fund,"HYBRID, AGGRESSIVE, HYBRID",74852 ,₹20118,15.0,0.72%,11+ yrs,332,HYBRID,AGGRESSIVE,1.25,3.75,7.5,
Edelweiss US Value Equity Offshore Fund,"EQUITY, INTERNATIONAL",116 ,₹19751,14.58,1.41%,11+ yrs,336,EQUITY,INTERNATIONAL,1.215,3.645,7.29,
UTI Retirement Fund,"HYBRID, RETIREMENT, SOLUTIONS",4752 ,₹19671,14.49,1.01%,11+ yrs,337,HYBRID,RETIREMENT,1.2075,3.6225,7.245,
Axis Bluechip Fund,"EQUITY, LARGE, CAP",36109 ,₹19668,14.49,0.67%,11+ yrs,338,EQUITY,LARGE,1.2075,-3.6225,7.245,
LIC MF BSE Sensex Index Fund,"EQUITY, LARGE, CAP, INDEX",88 ,₹20845,15.82,0.38%,11+ yrs,315,EQUITY,LARGE,1.3183333333333334,3.955,7.91,
Tata BSE Sensex Index Fund,"EQUITY, LARGE, CAP, INDEX",382 ,₹20822,15.8,0.27%,11+ yrs,318,EQUITY,LARGE,-1.3166666666666669,3.95,7.9,
Tata Banking and Financial Services Fund,"EQUITY, SECTORAL-BANKING",2406 ,₹20787,15.76,0.43%,8+ yrs,319,EQUITY,SECTORAL-BANKING,1.3133333333333332,3.94,7.88,
Aditya Birla Sun Life Banking & Financial Services Fund,"EQUITY, SECTORAL-BANKING",3408 ,₹19781,14.62,1.0%,10+ yrs,335,EQUITY,SECTORAL-BANKING,1.2183333333333333,3.655,7.31,
HDFC Gold Fund,"COMMODITIES, GOLD/, PRECIOUS, METALS",2496 ,₹19608,14.42,0.18%,11+ yrs,342,COMMODITIES,GOLD/,1.2016666666666669,3.605,7.21,
HSBC Business Cycles Fund,"EQUITY, BUSINESS, CYCLE",1003 ,₹29075,23.79,1.21%,10+ yrs,128,EQUITY,BUSINESS,-1.9825,5.9475,11.895,
SBI Consumption Opportunities Fund,"EQUITY, THEMATIC-CONSUMPTION",3101 ,₹29013,23.74,0.9%,11+ yrs,129,EQUITY,THEMATIC-CONSUMPTION,1.9783333333333333,5.935,11.87,
DSP Nifty Next 50 Index Fund,"EQUITY, LARGE, CAP, INDEX",844 ,₹24992,20.1,0.28%,5+ yrs,203,EQUITY,LARGE,-1.675,5.025,10.05,
ICICI Prudential Nifty Next 50 Index Fund,"EQUITY, LARGE, CAP, INDEX",7184 ,₹24909,20.02,0.31%,11+ yrs,204,EQUITY,LARGE,1.6683333333333332,5.005,10.01,
Kotak Focused Equity Fund,"EQUITY, FOCUSED",3758 ,₹24900,20.02,0.5%,5+ yrs,205,EQUITY,FOCUSED,-1.6683333333333332,-5.005,10.01,
ICICI Prudential Bharat Consumption Fund,"EQUITY, THEMATIC-CONSUMPTION",2895 ,₹24830,19.95,1.11%,5+ yrs,207,EQUITY,THEMATIC-CONSUMPTION,-1.6625,4.9875,9.975,
Navi Large & Midcap Fund,"EQUITY, LARGE, &, MIDCAP",333 ,₹24813,19.93,0.34%,8+ yrs,208,EQUITY,LARGE,1.6608333333333334,4.9825,9.965,
Invesco India Largecap Fund,"EQUITY, LARGE, CAP",1290 ,₹24799,19.92,0.72%,11+ yrs,209,EQUITY,LARGE,-1.66,4.98,9.96,
Aditya Birla Sun Life Flexi Cap Fund,"EQUITY, FLEXI, CAP",23905 ,₹24759,19.88,0.84%,11+ yrs,213,EQUITY,FLEXI,1.6566666666666665,4.97,9.94,
Canara Robeco Bluechip Equity Fund,"EQUITY, LARGE, CAP",15312 ,₹24588,19.71,0.47%,11+ yrs,217,EQUITY,LARGE,1.6425,-4.9275,9.855,
Sundaram Nifty 100 Equal Weight Fund,"EQUITY, FACTOR",100 ,₹24502,19.63,0.56%,11+ yrs,220,EQUITY,FACTOR,1.6358333333333333,4.9075,9.815,
PGIM India Global Equity Opportunities Fund,"EQUITY, INTERNATIONAL",1352 ,₹24473,19.6,1.44%,11+ yrs,221,EQUITY,INTERNATIONAL,1.6333333333333335,4.9,9.8,
Mahindra Manulife Consumption Fund,"EQUITY, THEMATIC-CONSUMPTION",376 ,₹24254,19.39,0.66%,6+ yrs,225,EQUITY,THEMATIC-CONSUMPTION,-1.6158333333333337,4.8475,9.695,
SBI Equity Minimum Variance Fund,"EQUITY, THEMATIC",237 ,₹24203,19.34,0.41%,5+ yrs,226,EQUITY,THEMATIC,1.6116666666666666,4.835,9.67,
Motilal Oswal Nifty 500 Index Fund,"EQUITY, MULTI, CAP, INDEX",2103 ,₹24196,19.33,0.2%,5+ yrs,227,EQUITY,MULTI,-1.6108333333333331,-4.8325,9.665,
Franklin India Equity Advantage Fund,"EQUITY, LARGE, &, MIDCAP",3798 ,₹24149,19.28,1.25%,11+ yrs,229,EQUITY,LARGE,1.606666666666667,-4.82,9.64,
DSP Nifty 50 Index Fund,"EQUITY, LARGE, CAP, INDEX",662 ,₹21432,16.47,0.18%,5+ yrs,299,EQUITY,LARGE,1.3724999999999998,4.1175,8.235,
SBI Nifty Index Fund,"EQUITY, LARGE, CAP, INDEX",8729 ,₹21401,16.44,0.2%,11+ yrs,300,EQUITY,LARGE,1.37,4.11,8.22,
Aditya Birla Sun Life Nifty 50 Index Fund,"EQUITY, LARGE, CAP, INDEX",1024 ,₹21385,16.42,0.2%,11+ yrs,301,EQUITY,LARGE,1.3683333333333334,4.105,8.21,
DSP World Mining Fund of Fund,"EQUITY, INTERNATIONAL",142 ,₹21382,16.41,1.51%,11+ yrs,302,EQUITY,INTERNATIONAL,1.3675,4.1025,8.205,
Franklin India NSE Nifty 50 Index,"EQUITY, LARGE, CAP, INDEX",744 ,₹21316,16.34,0.24%,11+ yrs,304,EQUITY,LARGE,1.3616666666666666,4.085,8.17,
Tata Hybrid Equity Fund,"HYBRID, AGGRESSIVE, HYBRID",4312 ,₹21141,16.15,0.98%,11+ yrs,306,HYBRID,AGGRESSIVE,1.3458333333333332,4.0375,8.075,
ICICI Prudential BSE Sensex Index Fund,"EQUITY, LARGE, CAP, INDEX",1757 ,₹21073,16.08,0.19%,7+ yrs,308,EQUITY,LARGE,1.34,4.02,8.04,
HSBC Aggressive Hybrid Fund,"HYBRID, AGGRESSIVE, HYBRID",5849 ,₹21068,16.07,0.81%,11+ yrs,309,HYBRID,AGGRESSIVE,1.3391666666666666,4.0175,8.035,
Nippon India Equity Hybrid Fund,"HYBRID, AGGRESSIVE, HYBRID",3976 ,₹19666,14.48,1.14%,11+ yrs,340,HYBRID,AGGRESSIVE,1.2066666666666668,3.62,7.24,
Aditya Birla Sun Life Global Emerging Opportunities Fund,"EQUITY, INTERNATIONAL",240 ,₹19615,14.42,0.61%,11+ yrs,341,EQUITY,INTERNATIONAL,1.2016666666666669,3.605,7.21,
Axis Gold Fund,"COMMODITIES, GOLD/, PRECIOUS, METALS",603 ,₹19606,14.41,0.17%,11+ yrs,343,COMMODITIES,GOLD/,1.2008333333333334,3.6025,7.205,
Quant Small Cap Fund,"EQUITY, SMALL, CAP",26645 ,₹69322,47.29,0.64%,11+ yrs,1,EQUITY,SMALL,3.940833333333333,-11.8225,23.645,
Bank of India Small Cap Fund,"EQUITY, SMALL, CAP",1517 ,₹49687,37.8,0.48%,5+ yrs,2,EQUITY,SMALL,3.15,9.45,18.9,
Nippon India Small Cap Fund,"EQUITY, SMALL, CAP",62260 ,₹47022,36.29,0.66%,11+ yrs,3,EQUITY,SMALL,3.0241666666666664,9.0725,18.145,
SBI Gold Fund,"COMMODITIES, GOLD/, PRECIOUS, METALS",2245 ,₹19592,14.4,0.1%,11+ yrs,344,COMMODITIES,GOLD/,1.2,-3.6,7.2,
ICICI Prudential Banking and Financial Services Fund,"EQUITY, SECTORAL-BANKING",8899 ,₹19574,14.38,1.02%,11+ yrs,345,EQUITY,SECTORAL-BANKING,1.1983333333333337,3.595,7.19,
Invesco India Gold ETF FoF,"COMMODITIES, GOLD/, PRECIOUS, METALS",84 ,₹19536,14.33,0.1%,11+ yrs,347,COMMODITIES,GOLD/,1.1941666666666666,3.5825,7.165,
Aditya Birla Sun Life Balanced Advantage Fund,"HYBRID, DYNAMIC, ASSET, ALLOCATION",7701 ,₹19489,14.28,0.67%,11+ yrs,348,HYBRID,DYNAMIC,1.19,3.57,7.14,
Edelweiss Large Cap Fund,"EQUITY, LARGE, CAP",1123 ,₹24277,19.41,0.67%,11+ yrs,224,EQUITY,LARGE,1.6175,-4.8525,9.705,
Nippon India Balanced Advantage Fund,"HYBRID, DYNAMIC, ASSET, ALLOCATION",8950 ,₹19667,14.48,0.56%,11+ yrs,339,HYBRID,DYNAMIC,-1.2066666666666668,-3.62,7.24,
Quantum Long Term Equity Value Fund,"EQUITY, VALUE, ORIENTED",1230 ,₹24705,19.83,1.1%,18+ yrs,214,EQUITY,VALUE,-1.6525,4.9575,9.915,
HSBC ELSS Tax saver Fund,"EQUITY, ELSS",4485 ,₹25078,20.19,1.09%,11+ yrs,199,TAX SAVER,ELSS,1.6825,-5.0475,10.095,
Kotak Gold Fund,"COMMODITIES, GOLD/, PRECIOUS, METALS",2123 ,₹19398,14.17,0.16%,11+ yrs,350,COMMODITIES,GOLD/,1.1808333333333334,3.5425,7.085,
Quantum Gold Savings Fund,"COMMODITIES, GOLD/, PRECIOUS, METALS",130 ,₹19395,14.17,0.06%,13+ yrs,351,COMMODITIES,GOLD/,1.1808333333333334,-3.5425,7.085,
Axis Multi Asset Allocation Fund,"HYBRID, MULTI, ASSET, ALLOCATION",1312 ,₹19375,14.14,1.06%,11+ yrs,352,HYBRID,MULTI,-1.1783333333333337,3.535,7.07,
UTI Banking and Financial Services Fund,"EQUITY, SECTORAL-BANKING",1192 ,₹19151,13.88,1.21%,11+ yrs,358,EQUITY,SECTORAL-BANKING,-1.1566666666666667,3.47,6.94,
Axis Aggressive Hybrid Fund,"HYBRID, AGGRESSIVE, HYBRID",1702 ,₹19101,13.82,1.05%,6+ yrs,359,HYBRID,AGGRESSIVE,1.1516666666666666,3.455,6.91,
PGIM India Hybrid Equity Fund,"HYBRID, AGGRESSIVE, HYBRID",219 ,₹19026,13.73,0.77%,11+ yrs,361,HYBRID,AGGRESSIVE,1.1441666666666668,3.4325,6.865,
Sundaram Global Brand Fund,"EQUITY, INTERNATIONAL",115 ,₹19023,13.73,1.36%,11+ yrs,362,EQUITY,INTERNATIONAL,1.1441666666666668,-3.4325,6.865,
Kotak Balanced Advantage Fund,"HYBRID, DYNAMIC, ASSET, ALLOCATION",17206 ,₹18990,13.69,0.51%,6+ yrs,363,HYBRID,DYNAMIC,1.1408333333333334,3.4225,6.845,
Baroda BNP Paribas Large Cap Fund,"EQUITY, LARGE, CAP",2440 ,₹24409,19.54,0.82%,11+ yrs,222,EQUITY,LARGE,1.6283333333333332,4.885,9.77,
Aditya Birla Sun Life Retirement Fund - The 40s Plan,"HYBRID, RETIREMENT, SOLUTIONS",117 ,₹18964,13.65,1.01%,5+ yrs,364,HYBRID,RETIREMENT,1.1375,3.4125,6.825,
Invesco India Balanced Advantage Fund,"HYBRID, DYNAMIC, ASSET, ALLOCATION",889 ,₹18736,13.38,0.86%,11+ yrs,365,HYBRID,DYNAMIC,1.115,-3.345,6.69,
Axis Focused Fund,"EQUITY, FOCUSED",14470 ,₹18676,13.31,0.81%,11+ yrs,367,EQUITY,FOCUSED,-1.1091666666666666,3.3275,6.655,
Mirae Asset Equity Savings Fund,"HYBRID, EQUITY, SAVINGS",1325 ,₹18597,13.21,0.34%,5+ yrs,368,HYBRID,EQUITY,1.100833333333333,3.3025,6.605,
Mahindra Manulife Equity Savings Fund,"HYBRID, EQUITY, SAVINGS",564 ,₹18578,13.19,0.69%,7+ yrs,369,HYBRID,EQUITY,1.0991666666666666,3.2975,6.595,
Union Balanced Advantage Fund,"HYBRID, DYNAMIC, ASSET, ALLOCATION",1527 ,₹18523,13.12,0.96%,6+ yrs,370,HYBRID,DYNAMIC,1.0933333333333333,3.28,6.56,
Kotak Debt Hybrid Fund,"HYBRID, CONSERVATIVE, HYBRID",2886 ,₹18426,13.0,0.48%,11+ yrs,371,HYBRID,CONSERVATIVE,1.0833333333333333,3.25,6.5,
Aditya Birla Sun Life MNC Fund,"EQUITY, THEMATIC-MNC",4180 ,₹18199,12.72,1.28%,11+ yrs,372,EQUITY,THEMATIC-MNC,-1.06,3.18,6.36,
HSBC Conservative Hybrid Fund,"HYBRID, CONSERVATIVE, HYBRID",134 ,₹16324,10.3,1.34%,11+ yrs,408,HYBRID,CONSERVATIVE,0.8583333333333334,2.575,5.15,
Baroda BNP Paribas Equity Savings Fund,"HYBRID, EQUITY, SAVINGS",251 ,₹16313,10.28,1.4%,5+ yrs,409,HYBRID,EQUITY,0.8566666666666666,2.57,5.14,
DSP Global Allocation FoF,"EQUITY, INTERNATIONAL",55 ,₹16288,10.25,1.41%,10+ yrs,410,EQUITY,INTERNATIONAL,0.8541666666666666,2.5625,5.125,
Franklin India Equity Savings Fund,"HYBRID, EQUITY, SAVINGS",702 ,₹16281,10.24,0.32%,6+ yrs,411,HYBRID,EQUITY,0.8533333333333334,2.56,5.12,
Quant Mid Cap Fund,"EQUITY, MID, CAP",9501 ,₹44396,34.73,0.58%,11+ yrs,7,EQUITY,MID,2.8941666666666666,8.6825,17.365,
Edelweiss Small Cap Fund,"EQUITY, SMALL, CAP",4293 ,₹43448,34.15,0.37%,5+ yrs,8,EQUITY,SMALL,2.845833333333333,8.5375,17.075,
HDFC Retirement Savings Fund - Hybrid Debt Plan,"HYBRID, RETIREMENT, SOLUTIONS",163 ,₹16253,10.2,1.02%,8+ yrs,412,HYBRID,RETIREMENT,-0.85,-2.55,5.1,
DSP Regular Savings Fund,"HYBRID, CONSERVATIVE, HYBRID",181 ,₹16005,9.86,0.5%,11+ yrs,413,HYBRID,CONSERVATIVE,0.8216666666666667,2.465,4.93,
Invesco India - Invesco Pan European Equity FoF,"EQUITY, INTERNATIONAL",38 ,₹15979,9.83,0.58%,10+ yrs,414,EQUITY,INTERNATIONAL,0.8191666666666667,-2.4575,4.915,
JM Low Duration Fund,"DEBT, LOW, DURATION",240 ,₹15788,9.56,0.25%,11+ yrs,415,DEBT,LOW,0.7966666666666667,2.39,4.78,
Quant Flexi Cap Fund,"EQUITY, FLEXI, CAP",7912 ,₹42704,33.69,0.59%,11+ yrs,10,EQUITY,FLEXI,2.8075,8.4225,16.845,
SBI Small Cap Fund,"EQUITY, SMALL, CAP",34217 ,₹34823,28.34,0.66%,11+ yrs,61,EQUITY,SMALL,2.361666666666667,7.085,14.17,
Tata Infrastructure Fund,"EQUITY, SECTORAL-INFRASTRUCTURE",2606 ,₹34279,27.94,1.13%,11+ yrs,63,EQUITY,SECTORAL-INFRASTRUCTURE,-2.3283333333333336,-6.985,13.97,
Mirae Asset Midcap Fund,"EQUITY, MID, CAP",17788 ,₹34224,27.9,0.57%,5+ yrs,64,EQUITY,MID,2.325,6.975,13.95,
Invesco India Contra Fund,"EQUITY, CONTRA",18470 ,₹29682,24.31,0.52%,11+ yrs,114,EQUITY,CONTRA,2.0258333333333334,6.0775,12.155,
ICICI Prudential Regular Gold Savings Fund (FOF),"COMMODITIES, GOLD/, PRECIOUS, METALS",1157 ,₹19337,14.1,0.09%,11+ yrs,353,COMMODITIES,GOLD/,1.175,3.525,7.05,
HSBC Balanced Advantage Fund,"HYBRID, DYNAMIC, ASSET, ALLOCATION",1510 ,₹18129,12.64,0.77%,11+ yrs,373,HYBRID,DYNAMIC,1.0533333333333337,3.16,6.32,
Sundaram Conservative Hybrid Fund,"HYBRID, CONSERVATIVE, HYBRID",28 ,₹15756,9.52,1.1%,11+ yrs,417,HYBRID,CONSERVATIVE,0.7933333333333333,2.38,4.76,
ICICI Prudential Exports and Services Fund,"EQUITY, THEMATIC",1451 ,₹29552,24.2,1.67%,11+ yrs,116,EQUITY,THEMATIC,-2.0166666666666666,6.05,12.1,
Axis Midcap Fund,"EQUITY, MID, CAP",32016 ,₹29491,24.15,0.53%,11+ yrs,117,EQUITY,MID,2.0125,6.0375,12.075,
DSP Natural Resources and New Energy Fund,"EQUITY, THEMATIC-ENERGY",1336 ,₹29479,24.14,0.97%,11+ yrs,119,EQUITY,THEMATIC-ENERGY,-2.0116666666666667,6.035,12.07,
DSP Midcap Fund,"EQUITY, MID, CAP",20237 ,₹26771,21.77,0.74%,11+ yrs,169,EQUITY,MID,1.8141666666666667,5.4425,10.885,
HSBC Flexi Cap Fund,"EQUITY, FLEXI, CAP",5165 ,₹26758,21.76,1.15%,11+ yrs,170,EQUITY,FLEXI,1.8133333333333332,5.44,10.88,
Sundaram Dividend Yield Fund,"EQUITY, DIVIDEND, YIELD",989 ,₹26650,21.66,0.94%,11+ yrs,172,EQUITY,DIVIDEND,-1.805,5.415,10.83,
Nippon India Focused Equity Fund,"EQUITY, FOCUSED",8979 ,₹26531,21.55,1.14%,11+ yrs,173,EQUITY,FOCUSED,1.7958333333333334,5.3875,10.775,
Sundaram Large and Mid Cap Fund,"EQUITY, LARGE, &, MIDCAP",7258 ,₹26457,21.48,0.71%,11+ yrs,175,EQUITY,LARGE,1.79,5.37,10.74,
Tata Ethical Fund,"EQUITY, THEMATIC",3330 ,₹26456,21.48,0.67%,11+ yrs,176,EQUITY,THEMATIC,-1.79,5.37,10.74,
LIC MF Large & Mid Cap Fund,"EQUITY, LARGE, &, MIDCAP",3235 ,₹26306,21.34,0.59%,9+ yrs,177,EQUITY,LARGE,1.778333333333333,5.335,10.67,
HDFC Balanced Advantage Fund,"HYBRID, DYNAMIC, ASSET, ALLOCATION",96536 ,₹26187,21.23,0.72%,11+ yrs,179,HYBRID,DYNAMIC,1.7691666666666668,5.3075,10.615,
Bandhan Focused Equity Fund,"EQUITY, FOCUSED",1794 ,₹24354,19.48,0.81%,11+ yrs,223,EQUITY,FOCUSED,1.6233333333333333,-4.87,9.74,
Bank of India Conservative Hybrid Fund,"HYBRID, CONSERVATIVE, HYBRID",67 ,₹18080,12.57,1.1%,11+ yrs,374,HYBRID,CONSERVATIVE,1.0475,-3.1425,6.285,
Edelweiss Europe Dynamic Equity Offshore Fund,"EQUITY, INTERNATIONAL",78 ,₹18077,12.57,1.47%,10+ yrs,375,EQUITY,INTERNATIONAL,1.0475,3.1425,6.285,
Sundaram Equity Savings Fund,"HYBRID, EQUITY, SAVINGS",995 ,₹18076,12.57,0.49%,11+ yrs,376,HYBRID,EQUITY,1.0475,3.1425,6.285,
Bandhan Balanced Advantage Fund,"HYBRID, DYNAMIC, ASSET, ALLOCATION",2325 ,₹18055,12.54,0.73%,10+ yrs,377,HYBRID,DYNAMIC,1.045,3.135,6.27,
DSP World Gold FoF,"EQUITY, INTERNATIONAL",1098 ,₹17976,12.44,1.65%,11+ yrs,378,EQUITY,INTERNATIONAL,1.0366666666666666,3.11,6.22,
HDFC Equity Savings Fund,"HYBRID, EQUITY, SAVINGS",5302 ,₹17931,12.39,0.92%,11+ yrs,379,HYBRID,EQUITY,1.0325,3.0975,6.195,
Bank of India Balanced Advantage Fund,"HYBRID, DYNAMIC, ASSET, ALLOCATION",137 ,₹17919,12.37,1.22%,10+ yrs,380,HYBRID,DYNAMIC,1.0308333333333333,3.0925,6.185,
Kotak Equity Savings Fund,"HYBRID, EQUITY, SAVINGS",7644 ,₹17850,12.29,0.66%,10+ yrs,381,HYBRID,EQUITY,1.024166666666667,3.0725,6.145,
UTI Equity Savings Fund,"HYBRID, EQUITY, SAVINGS",594 ,₹17790,12.21,0.79%,6+ yrs,382,HYBRID,EQUITY,1.0175,3.0525,6.105,
Aditya Birla Sun Life Financial Planning FOF Conservative Plan,"HYBRID, HYBRID, FOF",20 ,₹17675,12.06,0.64%,11+ yrs,383,HYBRID,HYBRID,1.005,-3.015,6.03,
ICICI Prudential Global Stable Equity Fund (FOF),"EQUITY, INTERNATIONAL",125 ,₹16718,10.83,1.05%,11+ yrs,398,EQUITY,INTERNATIONAL,0.9025,2.7075,5.415,
ICICI Prudential Regular Savings Fund,"HYBRID, CONSERVATIVE, HYBRID",3303 ,₹16712,10.82,0.91%,11+ yrs,399,HYBRID,CONSERVATIVE,0.9016666666666668,2.705,5.41,
ICICI Prudential Retirement Fund - Hybrid Conservative Plan,"HYBRID, RETIREMENT, SOLUTIONS",79 ,₹16656,10.74,1.04%,5+ yrs,400,HYBRID,RETIREMENT,0.895,2.685,5.37,
Franklin India Pension Fund,"HYBRID, RETIREMENT, SOLUTIONS",527 ,₹16635,10.71,1.5%,11+ yrs,401,HYBRID,RETIREMENT,0.8925000000000001,2.6775,5.355,
Canara Robeco Conservative Hybrid Fund,"HYBRID, CONSERVATIVE, HYBRID",979 ,₹16562,10.62,0.67%,11+ yrs,403,HYBRID,CONSERVATIVE,0.8849999999999999,2.655,5.31,
Aditya Birla Sun Life Medium Term Fund,"DEBT, MEDIUM, DURATION",1921 ,₹16495,10.53,0.85%,11+ yrs,404,DEBT,MEDIUM,0.8775,2.6325,5.265,
Aditya Birla Sun Life International Equity Fund,"EQUITY, INTERNATIONAL",192 ,₹16385,10.38,1.93%,11+ yrs,407,EQUITY,INTERNATIONAL,0.8650000000000001,2.595,5.19,
Motilal Oswal Balance Advantage Fund,"HYBRID, DYNAMIC, ASSET, ALLOCATION",1316 ,₹17635,12.01,0.94%,8+ yrs,384,HYBRID,DYNAMIC,1.0008333333333332,-3.0025,6.005,
DSP Dynamic Asset Allocation Fund,"HYBRID, DYNAMIC, ASSET, ALLOCATION",3259 ,₹17560,11.92,0.7%,10+ yrs,385,HYBRID,DYNAMIC,-0.9933333333333332,-2.98,5.96,
Edelweiss Equity Savings Fund,"HYBRID, EQUITY, SAVINGS",509 ,₹17516,11.86,0.59%,10+ yrs,387,HYBRID,EQUITY,0.9883333333333332,-2.965,5.93,
SBI Conservative Hybrid Fund,"HYBRID, CONSERVATIVE, HYBRID",10030 ,₹17397,11.71,0.62%,11+ yrs,388,HYBRID,CONSERVATIVE,0.9758333333333334,2.9275,5.855,
Kotak Multi Asset Allocator FoF - Dynamic,"HYBRID, HYBRID, FOF",1618 ,₹26733,21.73,0.33%,11+ yrs,171,HYBRID,HYBRID,-1.8108333333333333,-5.4325,10.865,
Tata Balanced Advantage Fund,"HYBRID, DYNAMIC, ASSET, ALLOCATION",10453 ,₹20271,15.18,0.34%,5+ yrs,327,HYBRID,DYNAMIC,1.265,3.795,7.59,
ICICI Prudential FMCG Fund,"EQUITY, THEMATIC",1885 ,₹20261,15.17,1.27%,11+ yrs,328,EQUITY,THEMATIC,-1.2641666666666669,3.7925,7.585,
