Name,Category,AMC,Current value,Return per annum,Expense ratio,Age
Quant Small Cap Fund,"[['EQUITY'], ['SMALL', 'CAP']]",₹26645 Crs,₹69322,+47.29% p.a.,0.64%,11+ yrs
Bank of India Small Cap Fund,"[['EQUITY'], ['SMALL', 'CAP']]",₹1517 Crs,₹49687,+37.80% p.a.,0.48%,5+ yrs
Nippon India Small Cap Fund,"[['EQUITY'], ['SMALL', 'CAP']]",₹62260 Crs,₹47022,+36.29% p.a.,0.66%,11+ yrs
Quant Infrastructure Fund,"[['EQUITY'], ['SECTORAL-INFRASTRUCTURE']]",₹3937 Crs,₹46267,+35.85% p.a.,0.66%,11+ yrs
Canara Robeco Small Cap Fund,"[['EQUITY'], ['SMALL', 'CAP']]",₹12591 Crs,₹45585,+35.45% p.a.,0.44%,5+ yrs
Tata Small Cap Fund,"[['EQUITY'], ['SMALL', 'CAP']]",₹9319 Crs,₹44999,+35.10% p.a.,0.29%,6+ yrs
Quant Mid Cap Fund,"[['EQUITY'], ['MID', 'CAP']]",₹9501 Crs,₹44396,+34.73% p.a.,0.58%,11+ yrs
Edelweiss Small Cap Fund,"[['EQUITY'], ['SMALL', 'CAP']]",₹4293 Crs,₹43448,+34.15% p.a.,0.37%,5+ yrs
Quant ELSS Tax Saver Fund,"[['EQUITY'], ['ELSS']]",₹11561 Crs,₹43018,+33.88% p.a.,0.65%,11+ yrs
Quant Flexi Cap Fund,"[['EQUITY'], ['FLEXI', 'CAP']]",₹7912 Crs,₹42704,+33.69% p.a.,0.59%,11+ yrs
Motilal Oswal Midcap Fund,"[['EQUITY'], ['MID', 'CAP']]",₹18604 Crs,₹42071,+33.29% p.a.,0.58%,10+ yrs
ICICI Prudential Commodities Fund,"[['EQUITY'], ['THEMATIC']]",₹2609 Crs,₹42061,+33.28% p.a.,0.92%,5+ yrs
DSP Healthcare Fund,"[['EQUITY'], ['SECTORAL-PHARMA']]",₹3094 Crs,₹41544,+32.95% p.a.,0.6%,5+ yrs
Invesco India Smallcap Fund,"[['EQUITY'], ['SMALL', 'CAP']]",₹5376 Crs,₹41395,+32.86% p.a.,0.41%,6+ yrs
Kotak Small Cap Fund,"[['EQUITY'], ['SMALL', 'CAP']]",₹18287 Crs,₹40718,+32.42% p.a.,0.48%,11+ yrs
ICICI Prudential Pharma Healthcare And Diagnostics (P.H.D) Fund,"[['EQUITY'], ['SECTORAL-PHARMA']]",₹4987 Crs,₹40524,+32.29% p.a.,1.06%,6+ yrs
ICICI Prudential Infrastructure Fund,"[['EQUITY'], ['SECTORAL-INFRASTRUCTURE']]",₹6424 Crs,₹39612,+31.69% p.a.,1.24%,11+ yrs
Edelweiss Mid Cap Fund,"[['EQUITY'], ['MID', 'CAP']]",₹7755 Crs,₹39310,+31.49% p.a.,0.36%,11+ yrs
HSBC Small Cap Fund,"[['EQUITY'], ['SMALL', 'CAP']]",₹17306 Crs,₹39218,+31.43% p.a.,0.67%,10+ yrs
Invesco India Infrastructure Fund,"[['EQUITY'], ['SECTORAL-INFRASTRUCTURE']]",₹1666 Crs,₹39183,+31.41% p.a.,0.7%,11+ yrs
ICICI Prudential Technology Fund,"[['EQUITY'], ['SECTORAL-TECHNOLOGY']]",₹14173 Crs,₹39121,+31.37% p.a.,0.94%,11+ yrs
Mirae Asset Healthcare Fund,"[['EQUITY'], ['SECTORAL-PHARMA']]",₹2794 Crs,₹39062,+31.33% p.a.,0.48%,6+ yrs
SBI Contra Fund,"[['EQUITY'], ['CONTRA']]",₹41327 Crs,₹38792,+31.14% p.a.,0.58%,11+ yrs
DSP Small Cap Fund,"[['EQUITY'], ['SMALL', 'CAP']]",₹16705 Crs,₹38559,+30.99% p.a.,0.84%,11+ yrs
Bank of India Manufacturing & Infrastructure Fund,"[['EQUITY'], ['SECTORAL-INFRASTRUCTURE']]",₹529 Crs,₹38508,+30.95% p.a.,0.81%,11+ yrs
Tata Digital India Fund,"[['EQUITY'], ['SECTORAL-TECHNOLOGY']]",₹12052 Crs,₹38476,+30.93% p.a.,0.35%,8+ yrs
Bandhan Infrastructure Fund,"[['EQUITY'], ['SECTORAL-INFRASTRUCTURE']]",₹1906 Crs,₹38450,+30.91% p.a.,0.81%,11+ yrs
PGIM India Midcap Opportunities Fund,"[['EQUITY'], ['MID', 'CAP']]",₹11700 Crs,₹38185,+30.73% p.a.,0.45%,10+ yrs
SBI Healthcare Opportunities Fund,"[['EQUITY'], ['SECTORAL-PHARMA']]",₹3346 Crs,₹38122,+30.69% p.a.,0.89%,11+ yrs
Nippon India Growth Fund,"[['EQUITY'], ['MID', 'CAP']]",₹35209 Crs,₹37973,+30.59% p.a.,0.77%,11+ yrs
Nippon India Power & Infra Fund,"[['EQUITY'], ['SECTORAL-INFRASTRUCTURE']]",₹7863 Crs,₹37596,+30.32% p.a.,0.95%,11+ yrs
Sundaram Small Cap Fund,"[['EQUITY'], ['SMALL', 'CAP']]",₹3581 Crs,₹37369,+30.17% p.a.,0.8%,11+ yrs
ICICI Prudential Smallcap Fund,"[['EQUITY'], ['SMALL', 'CAP']]",₹8825 Crs,₹37093,+29.97% p.a.,0.69%,11+ yrs
Canara Robeco Infrastructure Fund,"[['EQUITY'], ['SECTORAL-INFRASTRUCTURE']]",₹883 Crs,₹37074,+29.96% p.a.,0.99%,11+ yrs
Union Small Cap Fund,"[['EQUITY'], ['SMALL', 'CAP']]",₹1663 Crs,₹37010,+29.92% p.a.,0.9%,10+ yrs
Aditya Birla Sun Life Digital India Fund,"[['EQUITY'], ['SECTORAL-TECHNOLOGY']]",₹5261 Crs,₹36959,+29.88% p.a.,0.75%,11+ yrs
Franklin India Smaller Companies Fund,"[['EQUITY'], ['SMALL', 'CAP']]",₹14460 Crs,₹36861,+29.81% p.a.,0.89%,11+ yrs
Mahindra Manulife Mid Cap Fund,"[['EQUITY'], ['MID', 'CAP']]",₹3442 Crs,₹36715,+29.71% p.a.,0.44%,6+ yrs
HDFC Mid-Cap Opportunities Fund,"[['EQUITY'], ['MID', 'CAP']]",₹77683 Crs,₹36554,+29.59% p.a.,0.72%,11+ yrs
Motilal Oswal Nifty Smallcap 250 Index Fund,"[['EQUITY'], ['SMALL', 'CAP', 'INDEX']]",₹829 Crs,₹36488,+29.55% p.a.,0.36%,5+ yrs
ICICI Prudential India Opportunities Fund,"[['EQUITY'], ['THEMATIC']]",₹24793 Crs,₹36419,+29.50% p.a.,0.58%,5+ yrs
Nippon India Pharma Fund,"[['EQUITY'], ['SECTORAL-PHARMA']]",₹8769 Crs,₹36354,+29.45% p.a.,0.91%,11+ yrs
HDFC Small Cap Fund,"[['EQUITY'], ['SMALL', 'CAP']]",₹33963 Crs,₹36301,+29.41% p.a.,0.68%,11+ yrs
Tata India Pharma & HealthCare Fund,"[['EQUITY'], ['SECTORAL-PHARMA']]",₹1208 Crs,₹36297,+29.41% p.a.,0.7%,8+ yrs
Franklin India Technology Fund,"[['EQUITY'], ['SECTORAL-TECHNOLOGY']]",₹1904 Crs,₹36245,+29.37% p.a.,1.06%,11+ yrs
Quant Active Fund,"[['EQUITY'], ['MULTI', 'CAP']]",₹11229 Crs,₹36177,+29.33% p.a.,0.58%,11+ yrs
DSP India T.I.G.E.R. Fund,"[['EQUITY'], ['SECTORAL-INFRASTRUCTURE']]",₹5646 Crs,₹36124,+29.29% p.a.,0.84%,11+ yrs
Franklin Build India Fund,"[['EQUITY'], ['SECTORAL-INFRASTRUCTURE']]",₹2908 Crs,₹35914,+29.14% p.a.,0.91%,11+ yrs
Kotak Infrastructure and Economic Reform Fund,"[['EQUITY'], ['SECTORAL-INFRASTRUCTURE']]",₹2524 Crs,₹35893,+29.12% p.a.,0.61%,11+ yrs
UTI Healthcare Fund,"[['EQUITY'], ['SECTORAL-PHARMA']]",₹1201 Crs,₹35848,+29.09% p.a.,1.27%,11+ yrs
SBI Technology Opportunities Fund,"[['EQUITY'], ['SECTORAL-TECHNOLOGY']]",₹4435 Crs,₹35639,+28.94% p.a.,0.84%,11+ yrs
Kotak Emerging Equity Fund,"[['EQUITY'], ['MID', 'CAP']]",₹52627 Crs,₹35636,+28.94% p.a.,0.36%,11+ yrs
SBI Magnum Midcap Fund,"[['EQUITY'], ['MID', 'CAP']]",₹22338 Crs,₹35447,+28.80% p.a.,0.77%,11+ yrs
Invesco India Mid Cap Fund,"[['EQUITY'], ['MID', 'CAP']]",₹5904 Crs,₹35428,+28.79% p.a.,0.58%,11+ yrs
Quant Multi Asset Fund,"[['HYBRID'], ['MULTI', 'ASSET', 'ALLOCATION']]",₹2984 Crs,₹35396,+28.76% p.a.,0.62%,11+ yrs
LIC MF Infrastructure Fund,"[['EQUITY'], ['SECTORAL-INFRASTRUCTURE']]",₹750 Crs,₹35350,+28.73% p.a.,1.38%,11+ yrs
Invesco India PSU Equity Fund,"[['EQUITY'], ['THEMATIC-PSU']]",₹1436 Crs,₹35315,+28.70% p.a.,0.76%,11+ yrs
Franklin India Opportunities Fund,"[['EQUITY'], ['THEMATIC']]",₹5610 Crs,₹35270,+28.67% p.a.,0.5%,11+ yrs
Axis Small Cap Fund,"[['EQUITY'], ['SMALL', 'CAP']]",₹24766 Crs,₹35096,+28.54% p.a.,0.54%,10+ yrs
Motilal Oswal Nifty Midcap 150 Index Fund,"[['EQUITY'], ['MID', 'CAP', 'INDEX']]",₹1949 Crs,₹34884,+28.39% p.a.,0.3%,5+ yrs
SBI Small Cap Fund,"[['EQUITY'], ['SMALL', 'CAP']]",₹34217 Crs,₹34823,+28.34% p.a.,0.66%,11+ yrs
ICICI Prudential Dividend Yield Equity Fund,"[['EQUITY'], ['DIVIDEND', 'YIELD']]",₹5066 Crs,₹34548,+28.14% p.a.,0.52%,10+ yrs
Tata Infrastructure Fund,"[['EQUITY'], ['SECTORAL-INFRASTRUCTURE']]",₹2606 Crs,₹34279,+27.94% p.a.,1.13%,11+ yrs
Mirae Asset Midcap Fund,"[['EQUITY'], ['MID', 'CAP']]",₹17788 Crs,₹34224,+27.90% p.a.,0.57%,5+ yrs
ICICI Prudential Manufacturing Fund,"[['EQUITY'], ['THEMATIC']]",₹7042 Crs,₹34175,+27.86% p.a.,0.67%,6+ yrs
Baroda BNP Paribas Midcap Fund,"[['EQUITY'], ['MID', 'CAP']]",₹2247 Crs,₹33859,+27.62% p.a.,0.53%,11+ yrs
Quant Large and Mid Cap Fund,"[['EQUITY'], ['LARGE', '&', 'MIDCAP']]",₹3828 Crs,₹33614,+27.44% p.a.,0.61%,11+ yrs
Motilal Oswal Large and Midcap Fund,"[['EQUITY'], ['LARGE', '&', 'MIDCAP']]",₹6500 Crs,₹33530,+27.38% p.a.,0.51%,5+ yrs
Bandhan Sterling Value Fund,"[['EQUITY'], ['VALUE', 'ORIENTED']]",₹10601 Crs,₹33526,+27.37% p.a.,0.67%,11+ yrs
ICICI Prudential Value Discovery Fund,"[['EQUITY'], ['VALUE', 'ORIENTED']]",₹51198 Crs,₹33404,+27.28% p.a.,0.99%,11+ yrs
SBI Infrastructure Fund,"[['EQUITY'], ['SECTORAL-INFRASTRUCTURE']]",₹5071 Crs,₹33394,+27.27% p.a.,0.95%,11+ yrs
Aditya Birla Sun Life Infrastructure Fund,"[['EQUITY'], ['SECTORAL-INFRASTRUCTURE']]",₹1277 Crs,₹33166,+27.10% p.a.,1.32%,11+ yrs
Mahindra Manulife Multi Cap Fund,"[['EQUITY'], ['MULTI', 'CAP']]",₹4869 Crs,₹32906,+26.90% p.a.,0.41%,7+ yrs
HSBC Infrastructure Fund,"[['EQUITY'], ['SECTORAL-INFRASTRUCTURE']]",₹2790 Crs,₹32849,+26.85% p.a.,0.96%,11+ yrs
Bank of India Mid & Small Cap Equity & Debt Fund,"[['HYBRID'], ['AGGRESSIVE', 'HYBRID']]",₹1000 Crs,₹32825,+26.84% p.a.,0.95%,8+ yrs
JM Aggressive Hybrid Fund,"[['HYBRID'], ['AGGRESSIVE', 'HYBRID']]",₹643 Crs,₹32623,+26.68% p.a.,0.53%,11+ yrs
Tata Midcap Growth Fund,"[['EQUITY'], ['MID', 'CAP']]",₹4637 Crs,₹32467,+26.56% p.a.,0.68%,11+ yrs
Aditya Birla Sun Life Pharma & Healthcare Fund,"[['EQUITY'], ['SECTORAL-PHARMA']]",₹888 Crs,₹32332,+26.45% p.a.,0.92%,5+ yrs
ICICI Prudential Thematic Advantage Fund (FOF),"[['EQUITY'], ['EQUITY', 'FOF']]",₹1941 Crs,₹32219,+26.36% p.a.,0.44%,11+ yrs
Templeton India Equity Income Fund,"[['EQUITY'], ['DIVIDEND', 'YIELD']]",₹2554 Crs,₹32191,+26.34% p.a.,1.2%,11+ yrs
UTI Mid Cap Fund,"[['EQUITY'], ['MID', 'CAP']]",₹12708 Crs,₹32185,+26.34% p.a.,0.89%,11+ yrs
Bank of India ELSS Tax Saver Fund,"[['EQUITY'], ['ELSS']]",₹1486 Crs,₹32092,+26.26% p.a.,0.84%,11+ yrs
ICICI Prudential Focused Equity Fund,"[['EQUITY'], ['FOCUSED']]",₹10201 Crs,₹32027,+26.21% p.a.,0.55%,11+ yrs
Templeton India Value Fund,"[['EQUITY'], ['VALUE', 'ORIENTED']]",₹2305 Crs,₹31883,+26.10% p.a.,0.84%,11+ yrs
HSBC Value Fund,"[['EQUITY'], ['VALUE', 'ORIENTED']]",₹14123 Crs,₹31689,+25.94% p.a.,0.77%,11+ yrs
Tata Resources & Energy Fund,"[['EQUITY'], ['THEMATIC-ENERGY']]",₹1063 Crs,₹31673,+25.93% p.a.,0.57%,8+ yrs
Sundaram Mid Cap Fund,"[['EQUITY'], ['MID', 'CAP']]",₹13129 Crs,₹31657,+25.92% p.a.,0.87%,11+ yrs
Parag Parikh Flexi Cap Fund,"[['EQUITY'], ['FLEXI', 'CAP']]",₹82441 Crs,₹31641,+25.91% p.a.,0.63%,11+ yrs
Nippon India Multi Cap Fund,"[['EQUITY'], ['MULTI', 'CAP']]",₹39622 Crs,₹31569,+25.85% p.a.,0.73%,11+ yrs
JM Value Fund,"[['EQUITY'], ['VALUE', 'ORIENTED']]",₹1085 Crs,₹31552,+25.84% p.a.,0.83%,11+ yrs
ICICI Prudential Midcap Fund,"[['EQUITY'], ['MID', 'CAP']]",₹6778 Crs,₹31466,+25.77% p.a.,1.04%,11+ yrs
ICICI Prudential Retirement Fund - Pure Equity Plan,"[['EQUITY'], ['RETIREMENT', 'SOLUTIONS']]",₹1035 Crs,₹31442,+25.75% p.a.,0.73%,5+ yrs
SBI Long Term Equity Fund,"[['EQUITY'], ['ELSS']]",₹28733 Crs,₹31439,+25.75% p.a.,0.93%,11+ yrs
HDFC Infrastructure Fund,"[['EQUITY'], ['SECTORAL-INFRASTRUCTURE']]",₹2607 Crs,₹31354,+25.68% p.a.,1.1%,11+ yrs
Nippon India Value Fund,"[['EQUITY'], ['VALUE', 'ORIENTED']]",₹8962 Crs,₹31159,+25.52% p.a.,1.14%,11+ yrs
HSBC Midcap Fund,"[['EQUITY'], ['MID', 'CAP']]",₹12280 Crs,₹31105,+25.48% p.a.,0.66%,11+ yrs
HDFC Retirement Savings Fund - Equity Plan,"[['EQUITY'], ['RETIREMENT', 'SOLUTIONS']]",₹6168 Crs,₹31101,+25.47% p.a.,0.66%,8+ yrs
JM Flexicap Fund,"[['EQUITY'], ['FLEXI', 'CAP']]",₹4531 Crs,₹31017,+25.41% p.a.,0.42%,11+ yrs
Quant Absolute Fund,"[['HYBRID'], ['AGGRESSIVE', 'HYBRID']]",₹2352 Crs,₹31017,+25.41% p.a.,0.7%,11+ yrs
SBI PSU Fund,"[['EQUITY'], ['THEMATIC-PSU']]",₹4703 Crs,₹30978,+25.37% p.a.,0.72%,11+ yrs
ICICI Prudential BHARAT 22 FOF Scheme,"[['EQUITY'], ['EQUITY', 'FOF']]",₹2183 Crs,₹30863,+25.28% p.a.,0.12%,6+ yrs
Bandhan Core Equity Fund,"[['EQUITY'], ['LARGE', '&', 'MIDCAP']]",₹6982 Crs,₹30702,+25.15% p.a.,0.62%,11+ yrs
UTI Large & Mid Cap Fund,"[['EQUITY'], ['LARGE', '&', 'MIDCAP']]",₹4086 Crs,₹30552,+25.03% p.a.,1.11%,11+ yrs
ICICI Prudential Large & Mid Cap Fund,"[['EQUITY'], ['LARGE', '&', 'MIDCAP']]",₹17464 Crs,₹30401,+24.90% p.a.,0.8%,11+ yrs
Aditya Birla Sun Life Mid Cap Fund,"[['EQUITY'], ['MID', 'CAP']]",₹6440 Crs,₹30380,+24.89% p.a.,1.01%,11+ yrs
Nippon India Consumption Fund,"[['EQUITY'], ['THEMATIC-CONSUMPTION']]",₹2023 Crs,₹30336,+24.85% p.a.,0.68%,11+ yrs
HDFC Large and Mid Cap Fund,"[['EQUITY'], ['LARGE', '&', 'MIDCAP']]",₹24508 Crs,₹30307,+24.83% p.a.,0.84%,11+ yrs
Sundaram Infrastructure Advantage Fund,"[['EQUITY'], ['SECTORAL-INFRASTRUCTURE']]",₹1067 Crs,₹30283,+24.81% p.a.,1.73%,11+ yrs
Aditya Birla Sun Life Dividend Yield Fund,"[['EQUITY'], ['DIVIDEND', 'YIELD']]",₹1625 Crs,₹30237,+24.77% p.a.,1.37%,11+ yrs
Parag Parikh ELSS Tax Saver Fund,"[['EQUITY'], ['ELSS']]",₹4362 Crs,₹30211,+24.75% p.a.,0.62%,5+ yrs
Aditya Birla Sun Life Small Cap Fund,"[['EQUITY'], ['SMALL', 'CAP']]",₹5430 Crs,₹30094,+24.65% p.a.,0.9%,11+ yrs
Motilal Oswal ELSS Tax Saver Fund,"[['EQUITY'], ['ELSS']]",₹4195 Crs,₹29980,+24.56% p.a.,0.64%,9+ yrs
HDFC Focused 30 Fund,"[['EQUITY'], ['FOCUSED']]",₹15109 Crs,₹29936,+24.52% p.a.,0.53%,11+ yrs
Invesco India Contra Fund,"[['EQUITY'], ['CONTRA']]",₹18470 Crs,₹29682,+24.31% p.a.,0.52%,11+ yrs
DSP Natural Resources and New Energy Fund,"[['EQUITY'], ['THEMATIC-ENERGY']]",₹1336 Crs,₹29681,+24.31% p.a.,0.97%,11+ yrs
HDFC Flexi Cap Fund,"[['EQUITY'], ['FLEXI', 'CAP']]",₹66225 Crs,₹29619,+24.25% p.a.,0.77%,11+ yrs
ICICI Prudential Exports and Services Fund,"[['EQUITY'], ['THEMATIC']]",₹1451 Crs,₹29552,+24.20% p.a.,1.67%,11+ yrs
Axis Midcap Fund,"[['EQUITY'], ['MID', 'CAP']]",₹32016 Crs,₹29491,+24.15% p.a.,0.53%,11+ yrs
Bandhan ELSS Tax Saver Fund,"[['EQUITY'], ['ELSS']]",₹7354 Crs,₹29482,+24.14% p.a.,0.64%,11+ yrs
Franklin India Prima Fund,"[['EQUITY'], ['MID', 'CAP']]",₹12943 Crs,₹29457,+24.12% p.a.,0.96%,11+ yrs
Motilal Oswal Nasdaq 100 FOF Scheme,"[['EQUITY'], ['INTERNATIONAL']]",₹5035 Crs,₹29446,+24.11% p.a.,0.24%,5+ yrs
Invesco India Multicap Fund,"[['EQUITY'], ['MULTI', 'CAP']]",₹3962 Crs,₹29438,+24.10% p.a.,0.66%,11+ yrs
ICICI Prudential MNC Fund,"[['EQUITY'], ['THEMATIC-MNC']]",₹1885 Crs,₹29356,+24.03% p.a.,0.98%,5+ yrs
Quant Focused Fund,"[['EQUITY'], ['FOCUSED']]",₹1183 Crs,₹29322,+24.00% p.a.,0.66%,11+ yrs
Kotak India EQ Contra Fund,"[['EQUITY'], ['CONTRA']]",₹4047 Crs,₹29296,+23.98% p.a.,0.55%,11+ yrs
Franklin India Flexi Cap Fund,"[['EQUITY'], ['FLEXI', 'CAP']]",₹18252 Crs,₹29087,+23.81% p.a.,0.92%,11+ yrs
HSBC Business Cycles Fund,"[['EQUITY'], ['BUSINESS', 'CYCLE']]",₹1003 Crs,₹29075,+23.79% p.a.,1.21%,10+ yrs
Axis Growth Opportunities Fund,"[['EQUITY'], ['LARGE', '&', 'MIDCAP']]",₹14526 Crs,₹29019,+23.75% p.a.,0.58%,6+ yrs
SBI Consumption Opportunities Fund,"[['EQUITY'], ['THEMATIC-CONSUMPTION']]",₹3101 Crs,₹29013,+23.74% p.a.,0.9%,11+ yrs
Kotak Equity Opportunities Fund,"[['EQUITY'], ['LARGE', '&', 'MIDCAP']]",₹26175 Crs,₹28863,+23.61% p.a.,0.48%,11+ yrs
Sundaram Services Fund,"[['EQUITY'], ['THEMATIC']]",₹4068 Crs,₹28759,+23.52% p.a.,0.68%,6+ yrs
Edelweiss Large & Mid Cap Fund,"[['EQUITY'], ['LARGE', '&', 'MIDCAP']]",₹3781 Crs,₹28515,+23.31% p.a.,0.45%,11+ yrs
UTI Transportation and Logistics Fund,"[['EQUITY'], ['THEMATIC']]",₹3924 Crs,₹28491,+23.29% p.a.,0.85%,11+ yrs
Aditya Birla Sun Life Pure Value Fund,"[['EQUITY'], ['VALUE', 'ORIENTED']]",₹6779 Crs,₹28455,+23.26% p.a.,1.0%,11+ yrs
ICICI Prudential Equity & Debt Fund,"[['HYBRID'], ['AGGRESSIVE', 'HYBRID']]",₹41396 Crs,₹28336,+23.16% p.a.,0.98%,11+ yrs
DSP ELSS Tax Saver Fund,"[['EQUITY'], ['ELSS']]",₹17771 Crs,₹28188,+23.03% p.a.,0.74%,11+ yrs
ICICI Prudential Multicap Fund,"[['EQUITY'], ['MULTI', 'CAP']]",₹14691 Crs,₹28135,+22.98% p.a.,0.93%,11+ yrs
360 ONE Focused Equity Fund,"[['EQUITY'], ['FOCUSED']]",₹8177 Crs,₹28092,+22.95% p.a.,0.87%,10+ yrs
UTI Value Fund,"[['EQUITY'], ['VALUE', 'ORIENTED']]",₹10757 Crs,₹27951,+22.82% p.a.,1.13%,11+ yrs
SBI Large & Midcap Fund,"[['EQUITY'], ['LARGE', '&', 'MIDCAP']]",₹29234 Crs,₹27940,+22.81% p.a.,0.7%,11+ yrs
Nippon India Quant Fund,"[['EQUITY'], ['QUANT']]",₹86 Crs,₹27932,+22.81% p.a.,0.41%,11+ yrs
HSBC Large and Mid Cap Fund,"[['EQUITY'], ['LARGE', '&', 'MIDCAP']]",₹3718 Crs,₹27895,+22.77% p.a.,0.89%,5+ yrs
JM ELSS Tax Saver Fund,"[['EQUITY'], ['ELSS']]",₹187 Crs,₹27879,+22.76% p.a.,1.15%,11+ yrs
Edelweiss Flexi Cap Fund,"[['EQUITY'], ['FLEXI', 'CAP']]",₹2439 Crs,₹27851,+22.74% p.a.,0.45%,9+ yrs
PGIM India Flexi Cap Fund,"[['EQUITY'], ['FLEXI', 'CAP']]",₹6704 Crs,₹27652,+22.56% p.a.,0.42%,9+ yrs
Edelweiss Recently Listed IPO Fund,"[['EQUITY'], ['THEMATIC']]",₹990 Crs,₹27651,+22.56% p.a.,0.99%,6+ yrs
DSP Equity Opportunities Fund,"[['EQUITY'], ['LARGE', '&', 'MIDCAP']]",₹14486 Crs,₹27626,+22.54% p.a.,0.71%,11+ yrs
Mirae Asset Large & Midcap Fund,"[['EQUITY'], ['LARGE', '&', 'MIDCAP']]",₹40670 Crs,₹27560,+22.48% p.a.,0.58%,11+ yrs
Canara Robeco Emerging Equities Fund,"[['EQUITY'], ['LARGE', '&', 'MIDCAP']]",₹25507 Crs,₹27549,+22.47% p.a.,0.56%,11+ yrs
UTI Dividend Yield Fund,"[['EQUITY'], ['DIVIDEND', 'YIELD']]",₹4485 Crs,₹27514,+22.44% p.a.,1.4%,11+ yrs
Union Value Fund,"[['EQUITY'], ['VALUE', 'ORIENTED']]",₹298 Crs,₹27453,+22.38% p.a.,1.34%,5+ yrs
Mirae Asset Great Consumer Fund,"[['EQUITY'], ['THEMATIC-CONSUMPTION']]",₹4496 Crs,₹27447,+22.38% p.a.,0.42%,11+ yrs
SBI Magnum COMMA Fund,"[['EQUITY'], ['THEMATIC']]",₹697 Crs,₹27408,+22.34% p.a.,1.89%,11+ yrs
ICICI Prudential Multi Asset Fund,"[['HYBRID'], ['MULTI', 'ASSET', 'ALLOCATION']]",₹50496 Crs,₹27343,+22.28% p.a.,0.7%,11+ yrs
Canara Robeco ELSS Tax Saver,"[['EQUITY'], ['ELSS']]",₹9256 Crs,₹27320,+22.26% p.a.,0.51%,11+ yrs
Canara Robeco Consumer Trends Fund,"[['EQUITY'], ['THEMATIC-CONSUMPTION']]",₹1849 Crs,₹27286,+22.23% p.a.,0.8%,11+ yrs
Nippon India Vision Fund,"[['EQUITY'], ['LARGE', '&', 'MIDCAP']]",₹5619 Crs,₹27283,+22.23% p.a.,1.48%,11+ yrs
Kotak ELSS Tax Saver Fund,"[['EQUITY'], ['ELSS']]",₹6501 Crs,₹27278,+22.23% p.a.,0.57%,11+ yrs
Tata Equity PE Fund,"[['EQUITY'], ['VALUE', 'ORIENTED']]",₹9173 Crs,₹27278,+22.23% p.a.,0.8%,11+ yrs
Baroda BNP Paribas India Consumption Fund,"[['EQUITY'], ['THEMATIC-CONSUMPTION']]",₹1575 Crs,₹27248,+22.20% p.a.,0.61%,6+ yrs
HDFC ELSS Tax Saver Fund,"[['EQUITY'], ['ELSS']]",₹16761 Crs,₹27235,+22.19% p.a.,1.08%,11+ yrs
HDFC Capital Builder Value Fund,"[['EQUITY'], ['VALUE', 'ORIENTED']]",₹7883 Crs,₹27212,+22.17% p.a.,0.97%,11+ yrs
Mirae Asset ELSS Tax Saver Fund,"[['EQUITY'], ['ELSS']]",₹26418 Crs,₹27203,+22.16% p.a.,0.58%,8+ yrs
Franklin India Focused Equity Fund,"[['EQUITY'], ['FOCUSED']]",₹13050 Crs,₹27181,+22.14% p.a.,0.94%,11+ yrs
UTI Infrastructure Fund,"[['EQUITY'], ['SECTORAL-INFRASTRUCTURE']]",₹2472 Crs,₹27077,+22.05% p.a.,1.81%,11+ yrs
Invesco India Large & Mid Cap Fund,"[['EQUITY'], ['LARGE', '&', 'MIDCAP']]",₹6493 Crs,₹26972,+21.95% p.a.,0.64%,11+ yrs
Sundaram Multi Cap Fund,"[['EQUITY'], ['MULTI', 'CAP']]",₹2915 Crs,₹26873,+21.86% p.a.,0.86%,11+ yrs
Franklin India ELSS Tax Saver Fund,"[['EQUITY'], ['ELSS']]",₹7242 Crs,₹26860,+21.85% p.a.,0.99%,11+ yrs
DSP Midcap Fund,"[['EQUITY'], ['MID', 'CAP']]",₹20237 Crs,₹26771,+21.77% p.a.,0.74%,11+ yrs
HSBC Flexi Cap Fund,"[['EQUITY'], ['FLEXI', 'CAP']]",₹5165 Crs,₹26758,+21.76% p.a.,1.15%,11+ yrs
Kotak Multi Asset Allocator FoF - Dynamic,"[['HYBRID'], ['HYBRID', 'FOF']]",₹1618 Crs,₹26733,+21.73% p.a.,0.33%,11+ yrs
Sundaram Dividend Yield Fund,"[['EQUITY'], ['DIVIDEND', 'YIELD']]",₹989 Crs,₹26650,+21.66% p.a.,0.94%,11+ yrs
Nippon India Focused Equity Fund,"[['EQUITY'], ['FOCUSED']]",₹8979 Crs,₹26531,+21.55% p.a.,1.14%,11+ yrs
Tata India Consumer Fund,"[['EQUITY'], ['THEMATIC-CONSUMPTION']]",₹2522 Crs,₹26529,+21.55% p.a.,0.7%,8+ yrs
Sundaram Large and Mid Cap Fund,"[['EQUITY'], ['LARGE', '&', 'MIDCAP']]",₹7258 Crs,₹26457,+21.48% p.a.,0.71%,11+ yrs
Tata Ethical Fund,"[['EQUITY'], ['THEMATIC']]",₹3330 Crs,₹26456,+21.48% p.a.,0.67%,11+ yrs
LIC MF Large & Mid Cap Fund,"[['EQUITY'], ['LARGE', '&', 'MIDCAP']]",₹3235 Crs,₹26306,+21.34% p.a.,0.59%,9+ yrs
Mahindra Manulife Aggressive Hybrid Fund,"[['HYBRID'], ['AGGRESSIVE', 'HYBRID']]",₹1488 Crs,₹26230,+21.27% p.a.,0.45%,5+ yrs
HDFC Balanced Advantage Fund,"[['HYBRID'], ['DYNAMIC', 'ASSET', 'ALLOCATION']]",₹96536 Crs,₹26187,+21.23% p.a.,0.72%,11+ yrs
Nippon India Large Cap Fund,"[['EQUITY'], ['LARGE', 'CAP']]",₹34432 Crs,₹26177,+21.22% p.a.,0.67%,11+ yrs
Union ELSS Tax Saver Fund,"[['EQUITY'], ['ELSS']]",₹987 Crs,₹26056,+21.11% p.a.,1.32%,11+ yrs
HDFC Housing Opportunities Fund,"[['EQUITY'], ['THEMATIC']]",₹1556 Crs,₹25970,+21.03% p.a.,1.2%,6+ yrs
Aditya Birla Sun Life Manufacturing Equity Fund,"[['EQUITY'], ['THEMATIC']]",₹1255 Crs,₹25903,+20.97% p.a.,1.25%,9+ yrs
Bank of India Large & Mid Cap Equity Fund,"[['EQUITY'], ['LARGE', '&', 'MIDCAP']]",₹378 Crs,₹25893,+20.96% p.a.,1.17%,11+ yrs
Tata Large & Mid Cap Fund,"[['EQUITY'], ['LARGE', '&', 'MIDCAP']]",₹8677 Crs,₹25844,+20.91% p.a.,0.67%,11+ yrs
DSP Nifty 50 Equal Weight Index Fund,"[['EQUITY'], ['FACTOR']]",₹1907 Crs,₹25725,+20.80% p.a.,0.39%,7+ yrs
Union Flexi Cap Fund,"[['EQUITY'], ['FLEXI', 'CAP']]",₹2355 Crs,₹25683,+20.76% p.a.,0.87%,11+ yrs
Edelweiss Aggressive Hybrid Fund,"[['HYBRID'], ['AGGRESSIVE', 'HYBRID']]",₹2198 Crs,₹25489,+20.58% p.a.,0.41%,11+ yrs
ICICI Prudential Bluechip Fund,"[['EQUITY'], ['LARGE', 'CAP']]",₹66207 Crs,₹25391,+20.49% p.a.,0.86%,11+ yrs
Sundaram Focused Fund,"[['EQUITY'], ['FOCUSED']]",₹1173 Crs,₹25329,+20.43% p.a.,1.21%,11+ yrs
ICICI Prudential Retirement Fund - Hybrid Aggressive Plan,"[['HYBRID'], ['RETIREMENT', 'SOLUTIONS']]",₹685 Crs,₹25324,+20.42% p.a.,0.83%,5+ yrs
Aditya Birla Sun Life India GenNext Fund,"[['EQUITY'], ['THEMATIC-CONSUMPTION']]",₹6304 Crs,₹25307,+20.41% p.a.,0.72%,11+ yrs
Mahindra Manulife ELSS Tax Saver Fund,"[['EQUITY'], ['ELSS']]",₹983 Crs,₹25305,+20.40% p.a.,0.56%,8+ yrs
DSP Flexi Cap Fund,"[['EQUITY'], ['FLEXI', 'CAP']]",₹12416 Crs,₹25275,+20.38% p.a.,0.71%,11+ yrs
Nippon India Nifty Next 50 Junior BeES FoF,"[['EQUITY'], ['EQUITY', 'FOF']]",₹525 Crs,₹25214,+20.32% p.a.,0.11%,5+ yrs
Invesco India ELSS Tax Saver Fund,"[['EQUITY'], ['ELSS']]",₹3058 Crs,₹25158,+20.26% p.a.,0.75%,11+ yrs
UTI Nifty Next 50 Index Fund,"[['EQUITY'], ['LARGE', 'CAP', 'INDEX']]",₹4974 Crs,₹25130,+20.24% p.a.,0.36%,6+ yrs
Canara Robeco Flexi Cap Fund,"[['EQUITY'], ['FLEXI', 'CAP']]",₹13713 Crs,₹25099,+20.21% p.a.,0.55%,11+ yrs
HSBC ELSS Tax saver Fund,"[['EQUITY'], ['ELSS']]",₹4485 Crs,₹25078,+20.19% p.a.,1.09%,11+ yrs
Tata ELSS Tax Saver Fund,"[['EQUITY'], ['ELSS']]",₹4926 Crs,₹25043,+20.15% p.a.,0.69%,10+ yrs
UTI Aggressive Hybrid Fund,"[['HYBRID'], ['AGGRESSIVE', 'HYBRID']]",₹6330 Crs,₹25011,+20.12% p.a.,1.24%,11+ yrs
Kotak Equity Hybrid Fund,"[['HYBRID'], ['AGGRESSIVE', 'HYBRID']]",₹6715 Crs,₹25011,+20.12% p.a.,0.45%,9+ yrs
DSP Nifty Next 50 Index Fund,"[['EQUITY'], ['LARGE', 'CAP', 'INDEX']]",₹844 Crs,₹24992,+20.10% p.a.,0.28%,5+ yrs
ICICI Prudential Nifty Next 50 Index Fund,"[['EQUITY'], ['LARGE', 'CAP', 'INDEX']]",₹7184 Crs,₹24909,+20.02% p.a.,0.31%,11+ yrs
Kotak Focused Equity Fund,"[['EQUITY'], ['FOCUSED']]",₹3758 Crs,₹24900,+20.02% p.a.,0.5%,5+ yrs
Sundaram ELSS Tax Saver Fund,"[['EQUITY'], ['ELSS']]",₹1434 Crs,₹24891,+20.01% p.a.,1.64%,11+ yrs
ICICI Prudential Bharat Consumption Fund,"[['EQUITY'], ['THEMATIC-CONSUMPTION']]",₹2895 Crs,₹24830,+19.95% p.a.,1.11%,5+ yrs
Navi Large & Midcap Fund,"[['EQUITY'], ['LARGE', '&', 'MIDCAP']]",₹333 Crs,₹24813,+19.93% p.a.,0.34%,8+ yrs
Invesco India Largecap Fund,"[['EQUITY'], ['LARGE', 'CAP']]",₹1290 Crs,₹24799,+19.92% p.a.,0.72%,11+ yrs
Quantum ELSS Tax Saver Fund,"[['EQUITY'], ['ELSS']]",₹218 Crs,₹24791,+19.91% p.a.,0.9%,15+ yrs
Edelweiss ELSS Tax Saver Fund,"[['EQUITY'], ['ELSS']]",₹413 Crs,₹24784,+19.90% p.a.,0.7%,11+ yrs
ICICI Prudential ELSS Tax Saver,"[['EQUITY'], ['ELSS']]",₹15321 Crs,₹24774,+19.89% p.a.,1.07%,11+ yrs
Aditya Birla Sun Life Flexi Cap Fund,"[['EQUITY'], ['FLEXI', 'CAP']]",₹23905 Crs,₹24759,+19.88% p.a.,0.84%,11+ yrs
Quantum Long Term Equity Value Fund,"[['EQUITY'], ['VALUE', 'ORIENTED']]",₹1230 Crs,₹24705,+19.83% p.a.,1.1%,18+ yrs
JM Large Cap Fund,"[['EQUITY'], ['LARGE', 'CAP']]",₹429 Crs,₹24656,+19.78% p.a.,0.66%,11+ yrs
Baroda BNP Paribas ELSS Tax Saver Fund,"[['EQUITY'], ['ELSS']]",₹988 Crs,₹24631,+19.76% p.a.,0.95%,11+ yrs
Canara Robeco Bluechip Equity Fund,"[['EQUITY'], ['LARGE', 'CAP']]",₹15312 Crs,₹24588,+19.71% p.a.,0.47%,11+ yrs
PGIM India ELSS Tax Saver Fund,"[['EQUITY'], ['ELSS']]",₹799 Crs,₹24546,+19.67% p.a.,0.72%,9+ yrs
UTI ELSS Tax Saver Fund,"[['EQUITY'], ['ELSS']]",₹4183 Crs,₹24543,+19.67% p.a.,0.89%,11+ yrs
Sundaram Nifty 100 Equal Weight Fund,"[['EQUITY'], ['FACTOR']]",₹100 Crs,₹24502,+19.63% p.a.,0.56%,11+ yrs
PGIM India Global Equity Opportunities Fund,"[['EQUITY'], ['INTERNATIONAL']]",₹1352 Crs,₹24473,+19.60% p.a.,1.44%,11+ yrs
Baroda BNP Paribas Large Cap Fund,"[['EQUITY'], ['LARGE', 'CAP']]",₹2440 Crs,₹24409,+19.54% p.a.,0.82%,11+ yrs
Bandhan Focused Equity Fund,"[['EQUITY'], ['FOCUSED']]",₹1794 Crs,₹24354,+19.48% p.a.,0.81%,11+ yrs
Edelweiss Large Cap Fund,"[['EQUITY'], ['LARGE', 'CAP']]",₹1123 Crs,₹24277,+19.41% p.a.,0.67%,11+ yrs
Mahindra Manulife Consumption Fund,"[['EQUITY'], ['THEMATIC-CONSUMPTION']]",₹376 Crs,₹24254,+19.39% p.a.,0.66%,6+ yrs
SBI Equity Minimum Variance Fund,"[['EQUITY'], ['THEMATIC']]",₹237 Crs,₹24203,+19.34% p.a.,0.41%,5+ yrs
Motilal Oswal Nifty 500 Index Fund,"[['EQUITY'], ['MULTI', 'CAP', 'INDEX']]",₹2103 Crs,₹24196,+19.33% p.a.,0.2%,5+ yrs
Nippon India ELSS Tax Saver Fund,"[['EQUITY'], ['ELSS']]",₹16711 Crs,₹24189,+19.32% p.a.,1.01%,11+ yrs
Franklin India Equity Advantage Fund,"[['EQUITY'], ['LARGE', '&', 'MIDCAP']]",₹3798 Crs,₹24149,+19.28% p.a.,1.25%,11+ yrs
Kotak Bluechip Fund,"[['EQUITY'], ['LARGE', 'CAP']]",₹9806 Crs,₹24056,+19.19% p.a.,0.6%,11+ yrs
Sundaram Consumption Fund,"[['EQUITY'], ['THEMATIC-CONSUMPTION']]",₹1724 Crs,₹23993,+19.13% p.a.,1.28%,11+ yrs
Quantum ESG Best In Class Strategy Fund,"[['EQUITY'], ['THEMATIC-ESG']]",₹95 Crs,₹23948,+19.08% p.a.,0.85%,5+ yrs
Aditya Birla Sun Life Focused Fund,"[['EQUITY'], ['FOCUSED']]",₹8230 Crs,₹23925,+19.06% p.a.,0.85%,11+ yrs
Bandhan Large Cap Fund,"[['EQUITY'], ['LARGE', 'CAP']]",₹1745 Crs,₹23814,+18.95% p.a.,0.91%,11+ yrs
HDFC Retirement Savings Fund - Hybrid Equity Plan,"[['HYBRID'], ['RETIREMENT', 'SOLUTIONS']]",₹1615 Crs,₹23807,+18.94% p.a.,0.92%,8+ yrs
Union Focused Fund,"[['EQUITY'], ['FOCUSED']]",₹429 Crs,₹23753,+18.89% p.a.,1.51%,5+ yrs
ICICI Prudential Passive Strategy Fund (FOF),"[['EQUITY'], ['EQUITY', 'FOF']]",₹182 Crs,₹23654,+18.79% p.a.,0.21%,11+ yrs
HDFC Top 100 Fund,"[['EQUITY'], ['LARGE', 'CAP']]",₹38684 Crs,₹23641,+18.78% p.a.,0.99%,11+ yrs
Mirae Asset Focused Fund,"[['EQUITY'], ['FOCUSED']]",₹8653 Crs,₹23556,+18.69% p.a.,0.59%,5+ yrs
Baroda BNP Paribas Focused Fund,"[['EQUITY'], ['FOCUSED']]",₹726 Crs,₹23462,+18.60% p.a.,0.43%,7+ yrs
Aditya Birla Sun Life Frontline Equity Fund,"[['EQUITY'], ['LARGE', 'CAP']]",₹31389 Crs,₹23423,+18.56% p.a.,0.96%,11+ yrs
SBI Focused Equity Fund,"[['EQUITY'], ['FOCUSED']]",₹36367 Crs,₹23401,+18.53% p.a.,0.73%,11+ yrs
Baroda BNP Paribas Aggressive Hybrid Fund,"[['HYBRID'], ['AGGRESSIVE', 'HYBRID']]",₹1200 Crs,₹23397,+18.53% p.a.,0.47%,7+ yrs
Aditya Birla Sun Life Financial Planning FOF Aggressive Plan,"[['HYBRID'], ['HYBRID', 'FOF']]",₹228 Crs,₹23369,+18.50% p.a.,0.38%,11+ yrs
Motilal Oswal Flexi Cap Fund,"[['EQUITY'], ['FLEXI', 'CAP']]",₹12564 Crs,₹23318,+18.45% p.a.,0.86%,10+ yrs
Franklin India Feeder Franklin US Opportunities Fund,"[['EQUITY'], ['INTERNATIONAL']]",₹3565 Crs,₹23257,+18.39% p.a.,0.61%,11+ yrs
Navi Flexi Cap Fund,"[['EQUITY'], ['FLEXI', 'CAP']]",₹281 Crs,₹23078,+18.21% p.a.,0.42%,6+ yrs
Sundaram Financial Services Opportunities Fund,"[['EQUITY'], ['SECTORAL-BANKING']]",₹1498 Crs,₹23001,+18.13% p.a.,0.74%,11+ yrs
Kotak Flexicap Fund,"[['EQUITY'], ['FLEXI', 'CAP']]",₹53844 Crs,₹22943,+18.07% p.a.,0.59%,11+ yrs
Nippon India Retirement Fund - Wealth Creation Scheme,"[['EQUITY'], ['RETIREMENT', 'SOLUTIONS']]",₹3501 Crs,₹22811,+17.93% p.a.,0.94%,9+ yrs
Franklin India Bluechip Fund,"[['EQUITY'], ['LARGE', 'CAP']]",₹8375 Crs,₹22801,+17.92% p.a.,1.07%,11+ yrs
Quantum Equity FoF Scheme,"[['EQUITY'], ['EQUITY', 'FOF']]",₹136 Crs,₹22800,+17.92% p.a.,0.51%,15+ yrs
HSBC Large Cap Fund,"[['EQUITY'], ['LARGE', 'CAP']]",₹2039 Crs,₹22760,+17.88% p.a.,1.18%,11+ yrs
Tata Large Cap Fund,"[['EQUITY'], ['LARGE', 'CAP']]",₹2531 Crs,₹22743,+17.86% p.a.,1.03%,11+ yrs
Mahindra Manulife Large Cap Fund,"[['EQUITY'], ['LARGE', 'CAP']]",₹596 Crs,₹22721,+17.84% p.a.,0.66%,5+ yrs
SBI Bluechip Fund,"[['EQUITY'], ['LARGE', 'CAP']]",₹53276 Crs,₹22708,+17.82% p.a.,0.79%,11+ yrs
Franklin India Equity Hybrid Fund,"[['HYBRID'], ['AGGRESSIVE', 'HYBRID']]",₹2066 Crs,₹22593,+17.71% p.a.,1.01%,11+ yrs
Bandhan Hybrid Equity Fund,"[['HYBRID'], ['AGGRESSIVE', 'HYBRID']]",₹818 Crs,₹22586,+17.70% p.a.,1.01%,7+ yrs
Baroda BNP Paribas Balanced Advantage Fund,"[['HYBRID'], ['DYNAMIC', 'ASSET', 'ALLOCATION']]",₹4187 Crs,₹22523,+17.63% p.a.,0.72%,6+ yrs
LIC MF ELSS Tax Saver,"[['EQUITY'], ['ELSS']]",₹1209 Crs,₹22515,+17.62% p.a.,0.95%,11+ yrs
Tata Retirement Savings Progressive Plan,"[['EQUITY'], ['RETIREMENT', 'SOLUTIONS']]",₹2182 Crs,₹22486,+17.59% p.a.,0.53%,11+ yrs
UTI Flexi Cap Fund,"[['EQUITY'], ['FLEXI', 'CAP']]",₹27706 Crs,₹22464,+17.57% p.a.,1.02%,11+ yrs
Invesco India Financial Services Fund,"[['EQUITY'], ['SECTORAL-BANKING']]",₹1043 Crs,₹22425,+17.53% p.a.,0.93%,11+ yrs
Aditya Birla Sun Life Asset Allocator FoF,"[['HYBRID'], ['HYBRID', 'FOF']]",₹187 Crs,₹22406,+17.51% p.a.,0.45%,11+ yrs
DSP Focus Fund,"[['EQUITY'], ['FOCUSED']]",₹2704 Crs,₹22400,+17.50% p.a.,0.98%,11+ yrs
Canara Robeco Equity Hybrid Fund,"[['HYBRID'], ['AGGRESSIVE', 'HYBRID']]",₹11278 Crs,₹22374,+17.48% p.a.,0.56%,11+ yrs
UTI Large Cap Fund,"[['EQUITY'], ['LARGE', 'CAP']]",₹13987 Crs,₹22373,+17.48% p.a.,0.92%,11+ yrs
DSP Equity & Bond Fund,"[['HYBRID'], ['AGGRESSIVE', 'HYBRID']]",₹10610 Crs,₹22275,+17.37% p.a.,0.73%,11+ yrs
Aditya Birla Sun Life Equity Advantage Fund,"[['EQUITY'], ['LARGE', '&', 'MIDCAP']]",₹6380 Crs,₹22249,+17.34% p.a.,1.02%,11+ yrs
Tata Flexi Cap Fund,"[['EQUITY'], ['FLEXI', 'CAP']]",₹3140 Crs,₹22244,+17.34% p.a.,0.65%,6+ yrs
JM Focused Fund,"[['EQUITY'], ['FOCUSED']]",₹177 Crs,₹22222,+17.32% p.a.,0.77%,11+ yrs
SBI Flexicap Fund,"[['EQUITY'], ['FLEXI', 'CAP']]",₹23489 Crs,₹22220,+17.31% p.a.,0.81%,11+ yrs
ICICI Prudential US Bluechip Equity Fund,"[['EQUITY'], ['INTERNATIONAL']]",₹3336 Crs,₹22161,+17.25% p.a.,1.15%,11+ yrs
Nippon India Banking & Financial Services Fund,"[['EQUITY'], ['SECTORAL-BANKING']]",₹6389 Crs,₹22144,+17.23% p.a.,1.07%,11+ yrs
UTI India Consumer Fund,"[['EQUITY'], ['THEMATIC-CONSUMPTION']]",₹777 Crs,₹22104,+17.19% p.a.,1.55%,11+ yrs
HDFC Multi Asset Fund,"[['HYBRID'], ['MULTI', 'ASSET', 'ALLOCATION']]",₹3702 Crs,₹21969,+17.05% p.a.,0.76%,11+ yrs
SBI ESG Exclusionary Strategy Fund,"[['EQUITY'], ['THEMATIC-ESG']]",₹6112 Crs,₹21956,+17.03% p.a.,1.29%,11+ yrs
Mirae Asset Aggressive Hybrid Fund,"[['HYBRID'], ['AGGRESSIVE', 'HYBRID']]",₹9481 Crs,₹21935,+17.01% p.a.,0.4%,9+ yrs
Axis Nifty 100 Index Fund,"[['EQUITY'], ['LARGE', 'CAP', 'INDEX']]",₹1751 Crs,₹21926,+17.00% p.a.,0.21%,5+ yrs
DSP US Flexible Equity Fund of Fund,"[['EQUITY'], ['INTERNATIONAL']]",₹872 Crs,₹21832,+16.90% p.a.,1.49%,11+ yrs
UTI Multi Asset Allocation Fund,"[['HYBRID'], ['MULTI', 'ASSET', 'ALLOCATION']]",₹4060 Crs,₹21824,+16.89% p.a.,0.67%,11+ yrs
Invesco India Aggressive Hybrid Fund,"[['HYBRID'], ['AGGRESSIVE', 'HYBRID']]",₹545 Crs,₹21772,+16.84% p.a.,0.84%,6+ yrs
Mirae Asset Large Cap Fund,"[['EQUITY'], ['LARGE', 'CAP']]",₹42179 Crs,₹21759,+16.82% p.a.,0.53%,11+ yrs
Axis Flexi Cap Fund,"[['EQUITY'], ['FLEXI', 'CAP']]",₹13464 Crs,₹21757,+16.82% p.a.,0.69%,6+ yrs
Bandhan Flexi Cap Fund,"[['EQUITY'], ['FLEXI', 'CAP']]",₹7918 Crs,₹21753,+16.82% p.a.,1.14%,11+ yrs
Edelweiss Balanced Advantage Fund,"[['HYBRID'], ['DYNAMIC', 'ASSET', 'ALLOCATION']]",₹12690 Crs,₹21743,+16.81% p.a.,0.46%,11+ yrs
Bandhan Nifty 50 Index Fund,"[['EQUITY'], ['LARGE', 'CAP', 'INDEX']]",₹1629 Crs,₹21708,+16.77% p.a.,0.1%,11+ yrs
Sundaram Aggressive Hybrid Fund,"[['HYBRID'], ['AGGRESSIVE', 'HYBRID']]",₹5506 Crs,₹21699,+16.76% p.a.,0.68%,11+ yrs
HDFC Hybrid Equity Fund,"[['HYBRID'], ['AGGRESSIVE', 'HYBRID']]",₹24796 Crs,₹21689,+16.75% p.a.,1.02%,11+ yrs
DSP Top 100 Equity Fund,"[['EQUITY'], ['LARGE', 'CAP']]",₹4613 Crs,₹21666,+16.72% p.a.,1.08%,11+ yrs
Union Largecap Fund,"[['EQUITY'], ['LARGE', 'CAP']]",₹435 Crs,₹21664,+16.72% p.a.,1.58%,7+ yrs
HDFC Dynamic PE Ratio Fund of Funds Scheme,"[['HYBRID'], ['HYBRID', 'FOF']]",₹49 Crs,₹21613,+16.67% p.a.,0.23%,11+ yrs
UTI Nifty 50 Index Fund,"[['EQUITY'], ['LARGE', 'CAP', 'INDEX']]",₹20432 Crs,₹21539,+16.59% p.a.,0.19%,11+ yrs
Tata Retirement Savings Moderate Fund,"[['HYBRID'], ['RETIREMENT', 'SOLUTIONS']]",₹2233 Crs,₹21527,+16.57% p.a.,0.59%,11+ yrs
ICICI Prudential Nifty 50 Index Fund,"[['EQUITY'], ['LARGE', 'CAP', 'INDEX']]",₹11904 Crs,₹21518,+16.56% p.a.,0.17%,11+ yrs
Nippon India Index Nifty 50,"[['EQUITY'], ['LARGE', 'CAP', 'INDEX']]",₹2030 Crs,₹21482,+16.52% p.a.,0.2%,11+ yrs
Tata Nifty 50 Index Fund,"[['EQUITY'], ['LARGE', 'CAP', 'INDEX']]",₹942 Crs,₹21463,+16.50% p.a.,0.2%,11+ yrs
HDFC Index Fund Nifty 50 Plan,"[['EQUITY'], ['LARGE', 'CAP', 'INDEX']]",₹18915 Crs,₹21460,+16.50% p.a.,0.2%,11+ yrs
DSP World Mining Fund of Fund,"[['EQUITY'], ['INTERNATIONAL']]",₹142 Crs,₹21445,+16.48% p.a.,1.51%,11+ yrs
DSP Nifty 50 Index Fund,"[['EQUITY'], ['LARGE', 'CAP', 'INDEX']]",₹662 Crs,₹21432,+16.47% p.a.,0.18%,5+ yrs
SBI Nifty Index Fund,"[['EQUITY'], ['LARGE', 'CAP', 'INDEX']]",₹8729 Crs,₹21401,+16.44% p.a.,0.2%,11+ yrs
Aditya Birla Sun Life Nifty 50 Index Fund,"[['EQUITY'], ['LARGE', 'CAP', 'INDEX']]",₹1024 Crs,₹21385,+16.42% p.a.,0.2%,11+ yrs
LIC MF Nifty 50 Index Fund,"[['EQUITY'], ['LARGE', 'CAP', 'INDEX']]",₹340 Crs,₹21326,+16.35% p.a.,0.2%,11+ yrs
Franklin India NSE Nifty 50 Index,"[['EQUITY'], ['LARGE', 'CAP', 'INDEX']]",₹744 Crs,₹21316,+16.34% p.a.,0.24%,11+ yrs
SBI Banking & Financial Services Fund,"[['EQUITY'], ['SECTORAL-BANKING']]",₹6407 Crs,₹21286,+16.31% p.a.,0.74%,9+ yrs
Tata Hybrid Equity Fund,"[['HYBRID'], ['AGGRESSIVE', 'HYBRID']]",₹4312 Crs,₹21141,+16.15% p.a.,0.98%,11+ yrs
DSP Quant Fund,"[['EQUITY'], ['QUANT']]",₹1125 Crs,₹21138,+16.15% p.a.,0.55%,5+ yrs
ICICI Prudential BSE Sensex Index Fund,"[['EQUITY'], ['LARGE', 'CAP', 'INDEX']]",₹1757 Crs,₹21073,+16.08% p.a.,0.19%,7+ yrs
HSBC Aggressive Hybrid Fund,"[['HYBRID'], ['AGGRESSIVE', 'HYBRID']]",₹5849 Crs,₹21068,+16.07% p.a.,0.81%,11+ yrs
Nippon India Index BSE Sensex,"[['EQUITY'], ['LARGE', 'CAP', 'INDEX']]",₹757 Crs,₹21053,+16.05% p.a.,0.2%,11+ yrs
Motilal Oswal Focused Fund,"[['EQUITY'], ['FOCUSED']]",₹2130 Crs,₹20977,+15.97% p.a.,0.9%,11+ yrs
HDFC Index Fund - BSE Sensex Plan,"[['EQUITY'], ['LARGE', 'CAP', 'INDEX']]",₹7946 Crs,₹20957,+15.95% p.a.,0.2%,11+ yrs
LIC MF Flexi Cap Fund,"[['EQUITY'], ['FLEXI', 'CAP']]",₹1135 Crs,₹20942,+15.93% p.a.,1.38%,11+ yrs
Nippon India US Equity Opportunities Fund,"[['EQUITY'], ['INTERNATIONAL']]",₹681 Crs,₹20909,+15.90% p.a.,1.3%,9+ yrs
LIC MF BSE Sensex Index Fund,"[['EQUITY'], ['LARGE', 'CAP', 'INDEX']]",₹88 Crs,₹20845,+15.82% p.a.,0.38%,11+ yrs
Sundaram Balanced Advantage Fund,"[['HYBRID'], ['DYNAMIC', 'ASSET', 'ALLOCATION']]",₹1591 Crs,₹20842,+15.82% p.a.,0.56%,11+ yrs
SBI Magnum Global Fund,"[['EQUITY'], ['THEMATIC-MNC']]",₹6879 Crs,₹20832,+15.81% p.a.,1.18%,11+ yrs
Tata BSE Sensex Index Fund,"[['EQUITY'], ['LARGE', 'CAP', 'INDEX']]",₹382 Crs,₹20822,+15.80% p.a.,0.27%,11+ yrs
Tata Banking and Financial Services Fund,"[['EQUITY'], ['SECTORAL-BANKING']]",₹2406 Crs,₹20787,+15.76% p.a.,0.43%,8+ yrs
ICICI Prudential Asset Allocator Fund (FOF),"[['HYBRID'], ['HYBRID', 'FOF']]",₹23263 Crs,₹20749,+15.72% p.a.,0.08%,11+ yrs
Aditya Birla Sun Life Retirement Fund - The 30s Plan,"[['EQUITY'], ['RETIREMENT', 'SOLUTIONS']]",₹423 Crs,₹20543,+15.49% p.a.,1.04%,5+ yrs
Invesco India - Invesco Global Equity Income FoF,"[['EQUITY'], ['INTERNATIONAL']]",₹25 Crs,₹20538,+15.48% p.a.,0.86%,10+ yrs
UTI MNC Fund,"[['EQUITY'], ['THEMATIC-MNC']]",₹3249 Crs,₹20410,+15.34% p.a.,1.17%,11+ yrs
LIC MF Large Cap Fund,"[['EQUITY'], ['LARGE', 'CAP']]",₹1588 Crs,₹20344,+15.26% p.a.,0.99%,11+ yrs
SBI Multi Asset Allocation Fund,"[['HYBRID'], ['MULTI', 'ASSET', 'ALLOCATION']]",₹6258 Crs,₹20317,+15.23% p.a.,0.51%,11+ yrs
Aditya Birla Sun Life Financial Planning FOF Moderate Plan,"[['HYBRID'], ['HYBRID', 'FOF']]",₹38 Crs,₹20314,+15.23% p.a.,0.6%,11+ yrs
PGIM India Large Cap Fund,"[['EQUITY'], ['LARGE', 'CAP']]",₹633 Crs,₹20298,+15.21% p.a.,0.85%,11+ yrs
Tata Balanced Advantage Fund,"[['HYBRID'], ['DYNAMIC', 'ASSET', 'ALLOCATION']]",₹10453 Crs,₹20271,+15.18% p.a.,0.34%,5+ yrs
ICICI Prudential FMCG Fund,"[['EQUITY'], ['THEMATIC']]",₹1885 Crs,₹20261,+15.17% p.a.,1.27%,11+ yrs
Aditya Birla Sun Life Equity Hybrid '95 Fund,"[['HYBRID'], ['AGGRESSIVE', 'HYBRID']]",₹8099 Crs,₹20248,+15.15% p.a.,1.06%,11+ yrs
Navi Aggressive Hybrid Fund,"[['HYBRID'], ['AGGRESSIVE', 'HYBRID']]",₹113 Crs,₹20126,+15.01% p.a.,0.42%,6+ yrs
SBI Equity Hybrid Fund,"[['HYBRID'], ['AGGRESSIVE', 'HYBRID']]",₹74852 Crs,₹20118,+15.00% p.a.,0.72%,11+ yrs
Axis ELSS Tax Saver Fund,"[['EQUITY'], ['ELSS']]",₹39253 Crs,₹19966,+14.83% p.a.,0.77%,11+ yrs
Bandhan Asset Allocation Aggressive,"[['HYBRID'], ['HYBRID', 'FOF']]",₹20 Crs,₹19795,+14.63% p.a.,0.49%,11+ yrs
Aditya Birla Sun Life Banking & Financial Services Fund,"[['EQUITY'], ['SECTORAL-BANKING']]",₹3408 Crs,₹19781,+14.62% p.a.,1.0%,10+ yrs
Edelweiss US Value Equity Offshore Fund,"[['EQUITY'], ['INTERNATIONAL']]",₹116 Crs,₹19698,+14.52% p.a.,1.41%,11+ yrs
UTI Retirement Fund,"[['HYBRID'], ['RETIREMENT', 'SOLUTIONS']]",₹4752 Crs,₹19671,+14.49% p.a.,1.01%,11+ yrs
Axis Bluechip Fund,"[['EQUITY'], ['LARGE', 'CAP']]",₹36109 Crs,₹19668,+14.49% p.a.,0.67%,11+ yrs
Nippon India Balanced Advantage Fund,"[['HYBRID'], ['DYNAMIC', 'ASSET', 'ALLOCATION']]",₹8950 Crs,₹19667,+14.48% p.a.,0.56%,11+ yrs
Nippon India Equity Hybrid Fund,"[['HYBRID'], ['AGGRESSIVE', 'HYBRID']]",₹3976 Crs,₹19666,+14.48% p.a.,1.14%,11+ yrs
Aditya Birla Sun Life Global Emerging Opportunities Fund,"[['EQUITY'], ['INTERNATIONAL']]",₹240 Crs,₹19615,+14.42% p.a.,0.61%,11+ yrs
HDFC Gold Fund,"[['COMMODITIES'], ['GOLD/', 'PRECIOUS', 'METALS']]",₹2496 Crs,₹19608,+14.42% p.a.,0.18%,11+ yrs
Axis Gold Fund,"[['COMMODITIES'], ['GOLD/', 'PRECIOUS', 'METALS']]",₹603 Crs,₹19606,+14.41% p.a.,0.17%,11+ yrs
SBI Gold Fund,"[['COMMODITIES'], ['GOLD/', 'PRECIOUS', 'METALS']]",₹2245 Crs,₹19592,+14.40% p.a.,0.1%,11+ yrs
ICICI Prudential Banking and Financial Services Fund,"[['EQUITY'], ['SECTORAL-BANKING']]",₹8899 Crs,₹19574,+14.38% p.a.,1.02%,11+ yrs
Franklin India Dynamic Asset Allocation FoF,"[['HYBRID'], ['HYBRID', 'FOF']]",₹1347 Crs,₹19537,+14.33% p.a.,0.43%,11+ yrs
Invesco India Gold ETF FoF,"[['COMMODITIES'], ['GOLD/', 'PRECIOUS', 'METALS']]",₹84 Crs,₹19536,+14.33% p.a.,0.1%,11+ yrs
Aditya Birla Sun Life Balanced Advantage Fund,"[['HYBRID'], ['DYNAMIC', 'ASSET', 'ALLOCATION']]",₹7701 Crs,₹19489,+14.28% p.a.,0.67%,11+ yrs
Nippon India Gold Savings Fund,"[['COMMODITIES'], ['GOLD/', 'PRECIOUS', 'METALS']]",₹2038 Crs,₹19430,+14.21% p.a.,0.14%,11+ yrs
Aditya Birla Sun Life Gold Fund,"[['COMMODITIES'], ['GOLD/', 'PRECIOUS', 'METALS']]",₹393 Crs,₹19426,+14.20% p.a.,0.15%,11+ yrs
Kotak Gold Fund,"[['COMMODITIES'], ['GOLD/', 'PRECIOUS', 'METALS']]",₹2123 Crs,₹19398,+14.17% p.a.,0.16%,11+ yrs
Quantum Gold Savings Fund,"[['COMMODITIES'], ['GOLD/', 'PRECIOUS', 'METALS']]",₹130 Crs,₹19395,+14.17% p.a.,0.06%,13+ yrs
Axis Multi Asset Allocation Fund,"[['HYBRID'], ['MULTI', 'ASSET', 'ALLOCATION']]",₹1312 Crs,₹19375,+14.14% p.a.,1.06%,11+ yrs
ICICI Prudential Regular Gold Savings Fund (FOF),"[['COMMODITIES'], ['GOLD/', 'PRECIOUS', 'METALS']]",₹1157 Crs,₹19337,+14.10% p.a.,0.09%,11+ yrs
Aditya Birla Sun Life ELSS Tax Saver Fund,"[['EQUITY'], ['ELSS']]",₹17102 Crs,₹19251,+14.00% p.a.,0.91%,11+ yrs
ICICI Prudential Balanced Advantage Fund,"[['HYBRID'], ['DYNAMIC', 'ASSET', 'ALLOCATION']]",₹62051 Crs,₹19240,+13.98% p.a.,0.84%,11+ yrs
HSBC Equity Savings Fund,"[['HYBRID'], ['EQUITY', 'SAVINGS']]",₹478 Crs,₹19163,+13.89% p.a.,0.61%,11+ yrs
UTI Banking and Financial Services Fund,"[['EQUITY'], ['SECTORAL-BANKING']]",₹1192 Crs,₹19151,+13.88% p.a.,1.21%,11+ yrs
Axis Aggressive Hybrid Fund,"[['HYBRID'], ['AGGRESSIVE', 'HYBRID']]",₹1702 Crs,₹19101,+13.82% p.a.,1.05%,6+ yrs
Sundaram Global Brand Fund,"[['EQUITY'], ['INTERNATIONAL']]",₹115 Crs,₹19086,+13.80% p.a.,1.36%,11+ yrs
Axis Balanced Advantage Fund,"[['HYBRID'], ['DYNAMIC', 'ASSET', 'ALLOCATION']]",₹2577 Crs,₹19044,+13.75% p.a.,0.82%,7+ yrs
PGIM India Hybrid Equity Fund,"[['HYBRID'], ['AGGRESSIVE', 'HYBRID']]",₹219 Crs,₹19035,+13.74% p.a.,0.77%,11+ yrs
Kotak Balanced Advantage Fund,"[['HYBRID'], ['DYNAMIC', 'ASSET', 'ALLOCATION']]",₹17206 Crs,₹18990,+13.69% p.a.,0.51%,6+ yrs
Aditya Birla Sun Life Retirement Fund - The 40s Plan,"[['HYBRID'], ['RETIREMENT', 'SOLUTIONS']]",₹117 Crs,₹18964,+13.65% p.a.,1.01%,5+ yrs
Invesco India Balanced Advantage Fund,"[['HYBRID'], ['DYNAMIC', 'ASSET', 'ALLOCATION']]",₹889 Crs,₹18736,+13.38% p.a.,0.86%,11+ yrs
LIC MF Aggressive Hybrid Fund,"[['HYBRID'], ['AGGRESSIVE', 'HYBRID']]",₹560 Crs,₹18703,+13.34% p.a.,1.38%,11+ yrs
Axis Focused Fund,"[['EQUITY'], ['FOCUSED']]",₹14470 Crs,₹18676,+13.31% p.a.,0.81%,11+ yrs
Mirae Asset Equity Savings Fund,"[['HYBRID'], ['EQUITY', 'SAVINGS']]",₹1325 Crs,₹18597,+13.21% p.a.,0.34%,5+ yrs
Mahindra Manulife Equity Savings Fund,"[['HYBRID'], ['EQUITY', 'SAVINGS']]",₹564 Crs,₹18578,+13.19% p.a.,0.69%,7+ yrs
Union Balanced Advantage Fund,"[['HYBRID'], ['DYNAMIC', 'ASSET', 'ALLOCATION']]",₹1527 Crs,₹18523,+13.12% p.a.,0.96%,6+ yrs
Kotak Debt Hybrid Fund,"[['HYBRID'], ['CONSERVATIVE', 'HYBRID']]",₹2886 Crs,₹18426,+13.00% p.a.,0.48%,11+ yrs
Aditya Birla Sun Life MNC Fund,"[['EQUITY'], ['THEMATIC-MNC']]",₹4180 Crs,₹18219,+12.75% p.a.,1.28%,11+ yrs
Edelweiss Europe Dynamic Equity Offshore Fund,"[['EQUITY'], ['INTERNATIONAL']]",₹78 Crs,₹18154,+12.67% p.a.,1.47%,10+ yrs
HSBC Balanced Advantage Fund,"[['HYBRID'], ['DYNAMIC', 'ASSET', 'ALLOCATION']]",₹1510 Crs,₹18129,+12.64% p.a.,0.77%,11+ yrs
Bank of India Conservative Hybrid Fund,"[['HYBRID'], ['CONSERVATIVE', 'HYBRID']]",₹67 Crs,₹18080,+12.57% p.a.,1.1%,11+ yrs
Sundaram Equity Savings Fund,"[['HYBRID'], ['EQUITY', 'SAVINGS']]",₹995 Crs,₹18076,+12.57% p.a.,0.49%,11+ yrs
Bandhan Balanced Advantage Fund,"[['HYBRID'], ['DYNAMIC', 'ASSET', 'ALLOCATION']]",₹2325 Crs,₹18055,+12.54% p.a.,0.73%,10+ yrs
HDFC Equity Savings Fund,"[['HYBRID'], ['EQUITY', 'SAVINGS']]",₹5302 Crs,₹17931,+12.39% p.a.,0.92%,11+ yrs
Bank of India Balanced Advantage Fund,"[['HYBRID'], ['DYNAMIC', 'ASSET', 'ALLOCATION']]",₹137 Crs,₹17919,+12.37% p.a.,1.22%,10+ yrs
DSP World Gold FoF,"[['EQUITY'], ['INTERNATIONAL']]",₹1098 Crs,₹17864,+12.30% p.a.,1.65%,11+ yrs
Kotak Equity Savings Fund,"[['HYBRID'], ['EQUITY', 'SAVINGS']]",₹7644 Crs,₹17850,+12.29% p.a.,0.66%,10+ yrs
UTI Equity Savings Fund,"[['HYBRID'], ['EQUITY', 'SAVINGS']]",₹594 Crs,₹17790,+12.21% p.a.,0.79%,6+ yrs
Aditya Birla Sun Life Financial Planning FOF Conservative Plan,"[['HYBRID'], ['HYBRID', 'FOF']]",₹20 Crs,₹17710,+12.11% p.a.,0.64%,11+ yrs
Motilal Oswal Balance Advantage Fund,"[['HYBRID'], ['DYNAMIC', 'ASSET', 'ALLOCATION']]",₹1316 Crs,₹17635,+12.01% p.a.,0.94%,8+ yrs
DSP Dynamic Asset Allocation Fund,"[['HYBRID'], ['DYNAMIC', 'ASSET', 'ALLOCATION']]",₹3259 Crs,₹17560,+11.92% p.a.,0.7%,10+ yrs
SBI Equity Savings Fund,"[['HYBRID'], ['EQUITY', 'SAVINGS']]",₹5410 Crs,₹17551,+11.91% p.a.,0.66%,9+ yrs
Edelweiss Equity Savings Fund,"[['HYBRID'], ['EQUITY', 'SAVINGS']]",₹509 Crs,₹17516,+11.86% p.a.,0.59%,10+ yrs
SBI Conservative Hybrid Fund,"[['HYBRID'], ['CONSERVATIVE', 'HYBRID']]",₹10030 Crs,₹17397,+11.71% p.a.,0.62%,11+ yrs
Bandhan Asset Allocation Moderate,"[['HYBRID'], ['HYBRID', 'FOF']]",₹20 Crs,₹17330,+11.62% p.a.,0.41%,11+ yrs
ICICI Prudential Income Optimizer Fund (FOF),"[['HYBRID'], ['HYBRID', 'FOF']]",₹278 Crs,₹17318,+11.61% p.a.,0.53%,11+ yrs
HDFC Hybrid Debt Fund,"[['HYBRID'], ['CONSERVATIVE', 'HYBRID']]",₹3342 Crs,₹17285,+11.57% p.a.,1.23%,11+ yrs
Motilal Oswal Nifty Bank Index Fund,"[['EQUITY'], ['OTHER', 'EQUITY', 'INDEX']]",₹621 Crs,₹17272,+11.55% p.a.,0.33%,5+ yrs
Invesco India Equity Savings Fund,"[['HYBRID'], ['EQUITY', 'SAVINGS']]",₹313 Crs,₹17062,+11.28% p.a.,0.73%,5+ yrs
DSP Equity Savings Fund,"[['HYBRID'], ['EQUITY', 'SAVINGS']]",₹1937 Crs,₹17053,+11.27% p.a.,0.45%,8+ yrs
Quantum Multi Asset Fund of Funds,"[['HYBRID'], ['HYBRID', 'FOF']]",₹60 Crs,₹17045,+11.25% p.a.,0.1%,12+ yrs
Axis Equity Savings Fund,"[['HYBRID'], ['EQUITY', 'SAVINGS']]",₹1008 Crs,₹17028,+11.23% p.a.,1.01%,9+ yrs
Bank of India Credit Risk Fund,"[['DEBT'], ['CREDIT', 'RISK']]",₹115 Crs,₹16871,+11.03% p.a.,1.03%,9+ yrs
ICICI Prudential Global Stable Equity Fund (FOF),"[['EQUITY'], ['INTERNATIONAL']]",₹125 Crs,₹16718,+10.83% p.a.,1.05%,11+ yrs
ICICI Prudential Regular Savings Fund,"[['HYBRID'], ['CONSERVATIVE', 'HYBRID']]",₹3303 Crs,₹16712,+10.82% p.a.,0.91%,11+ yrs
ICICI Prudential Retirement Fund - Hybrid Conservative Plan,"[['HYBRID'], ['RETIREMENT', 'SOLUTIONS']]",₹79 Crs,₹16656,+10.74% p.a.,1.04%,5+ yrs
Franklin India Pension Fund,"[['HYBRID'], ['RETIREMENT', 'SOLUTIONS']]",₹527 Crs,₹16635,+10.71% p.a.,1.5%,11+ yrs
UTI Conservative Hybrid Fund,"[['HYBRID'], ['CONSERVATIVE', 'HYBRID']]",₹1665 Crs,₹16629,+10.71% p.a.,1.18%,11+ yrs
Canara Robeco Conservative Hybrid Fund,"[['HYBRID'], ['CONSERVATIVE', 'HYBRID']]",₹979 Crs,₹16562,+10.62% p.a.,0.67%,11+ yrs
Aditya Birla Sun Life Medium Term Fund,"[['DEBT'], ['MEDIUM', 'DURATION']]",₹1921 Crs,₹16495,+10.53% p.a.,0.85%,11+ yrs
Aditya Birla Sun Life Regular Savings Fund,"[['HYBRID'], ['CONSERVATIVE', 'HYBRID']]",₹1413 Crs,₹16482,+10.51% p.a.,1.02%,11+ yrs
Tata Equity Savings Fund,"[['HYBRID'], ['EQUITY', 'SAVINGS']]",₹204 Crs,₹16425,+10.43% p.a.,0.48%,11+ yrs
Aditya Birla Sun Life International Equity Fund,"[['EQUITY'], ['INTERNATIONAL']]",₹192 Crs,₹16400,+10.40% p.a.,1.93%,11+ yrs
HSBC Conservative Hybrid Fund,"[['HYBRID'], ['CONSERVATIVE', 'HYBRID']]",₹134 Crs,₹16324,+10.30% p.a.,1.34%,11+ yrs
Baroda BNP Paribas Equity Savings Fund,"[['HYBRID'], ['EQUITY', 'SAVINGS']]",₹251 Crs,₹16313,+10.28% p.a.,1.4%,5+ yrs
Franklin India Equity Savings Fund,"[['HYBRID'], ['EQUITY', 'SAVINGS']]",₹702 Crs,₹16281,+10.24% p.a.,0.32%,6+ yrs
DSP Global Allocation FoF,"[['EQUITY'], ['INTERNATIONAL']]",₹55 Crs,₹16277,+10.23% p.a.,1.41%,10+ yrs
HDFC Retirement Savings Fund - Hybrid Debt Plan,"[['HYBRID'], ['RETIREMENT', 'SOLUTIONS']]",₹163 Crs,₹16253,+10.20% p.a.,1.02%,8+ yrs
DSP Regular Savings Fund,"[['HYBRID'], ['CONSERVATIVE', 'HYBRID']]",₹181 Crs,₹16005,+9.86% p.a.,0.5%,11+ yrs
Invesco India - Invesco Pan European Equity FoF,"[['EQUITY'], ['INTERNATIONAL']]",₹38 Crs,₹15979,+9.83% p.a.,0.58%,10+ yrs
JM Low Duration Fund,"[['DEBT'], ['LOW', 'DURATION']]",₹240 Crs,₹15788,+9.56% p.a.,0.25%,11+ yrs
Axis Conservative Hybrid Fund,"[['HYBRID'], ['CONSERVATIVE', 'HYBRID']]",₹305 Crs,₹15785,+9.56% p.a.,0.94%,11+ yrs
Sundaram Conservative Hybrid Fund,"[['HYBRID'], ['CONSERVATIVE', 'HYBRID']]",₹28 Crs,₹15756,+9.52% p.a.,1.1%,11+ yrs
Aditya Birla Sun Life Global Excellence Equity FoF,"[['EQUITY'], ['INTERNATIONAL']]",₹200 Crs,₹15669,+9.40% p.a.,0.68%,11+ yrs
Aditya Birla Sun Life Equity Savings Fund,"[['HYBRID'], ['EQUITY', 'SAVINGS']]",₹640 Crs,₹15665,+9.39% p.a.,0.62%,9+ yrs
Tata Retirement Savings Conservative Fund,"[['HYBRID'], ['RETIREMENT', 'SOLUTIONS']]",₹178 Crs,₹15663,+9.39% p.a.,0.97%,11+ yrs
